Rank,City,Cost of Living Index,Rent Index,Cost of Living Plus Rent Index,Groceries Index,Restaurant Price Index,Local Purchasing Power Index
1,"Zurich, Switzerland",131.49,64.37,98.8,131.23,120.39,121.12
2,"Lugano, Switzerland",130.75,40.2,86.66,134.8,115.19,101.15
3,"Basel, Switzerland",130.65,46.61,89.72,126.05,131.92,109.9
4,"Geneva, Switzerland",126.08,66.56,97.1,123.84,119.47,108.09
5,"Lausanne, Switzerland",125.03,51.99,89.46,125.56,118.13,110.86
6,"Bern, Switzerland",116.53,41.6,80.04,106.32,110.46,125.72
7,"New York, NY, United States",100,100,100,100,100,100
8,"Trondheim, Norway",98.23,34.32,67.11,93.13,94.83,83.32
9,"Stavanger, Norway",97.91,32.75,66.18,90.42,99.35,83.99
10,"Oslo, Norway",95.78,40.23,68.72,88.4,96.2,86.05
11,"Bergen, Norway",94.78,31.59,64.01,85.87,96.17,93.49
12,"San Francisco, CA, United States",92.13,109.76,100.72,89.79,88.26,139
13,"Reykjavik, Iceland",91.81,42.83,67.96,81.91,102.07,74.76
14,"Tel Aviv-Yafo, Israel",91.4,43.17,67.91,80.53,92.53,67.85
15,"Copenhagen, Denmark",90.85,46.33,69.17,68.37,102.96,91.35
16,"Anchorage, AK, United States",90.83,36.51,64.38,89.86,75.91,119.91
17,"Tokyo, Japan",89.69,38.36,64.69,90.93,49.17,75.09
18,"Nassau, Bahamas",89.57,38.57,64.73,76.56,83.5,45.96
19,"Paris, France",88.83,45.38,67.67,86.8,76.97,69.54
20,"Oakland, CA, United States",88.68,79.83,84.37,94.92,72.03,97.98
21,"Boston, MA, United States",88.61,75.13,82.05,89.28,84.34,107.59
22,"Arhus, Denmark",88.04,31.88,60.69,69.65,92.73,91.01
23,"Seattle, WA, United States",87.99,64,76.31,80.83,86.82,133.18
24,"Aalborg, Denmark",87.58,24.19,56.71,75.6,95.27,105.92
25,"Honolulu, HI, United States",87.05,61.82,74.76,87.3,77.49,76.47
26,"Osaka, Japan",87.02,23.28,55.98,89.91,47.72,79.93
27,"Washington, DC, United States",84.69,75.05,80,80.31,81.33,117.21
28,"Miami, FL, United States",83.61,55.99,70.16,82.92,77.7,91.09
29,"Luxembourg, Luxembourg",83.56,56.37,70.32,73.25,87.81,106.44
30,"Dubrovnik, Croatia",83.43,25.68,55.31,81.72,78.67,31.94
31,"Charleston, SC, United States",83.21,48.43,66.27,87.18,72.91,99.2
32,"Minneapolis, MN, United States",83.18,42.55,63.39,79.81,77.37,116.05
33,"Amsterdam, Netherlands",82.86,55.21,69.39,63.25,86.93,82.74
34,"Sydney, Australia",82.73,54.16,68.81,75.43,70.73,94.59
35,"Chicago, IL, United States",82.71,55.16,69.3,80.96,75.44,109.82
36,"Seoul, South Korea",81.59,29.64,56.29,99.4,45.51,76.53
37,"Dublin, Ireland",81.39,60.18,71.06,65.26,78.5,68.13
38,"Fort Lauderdale, FL, United States",81.22,53.32,67.63,90.86,68.86,99.37
39,"Portland, OR, United States",81.19,46.99,64.54,81.78,69.78,103.41
40,"Singapore, Singapore",81.13,61.27,71.46,69.2,58,82.61
41,"Milan, Italy",80.37,42.7,62.02,68.87,78.51,52.35
42,"Haifa, Israel",80.32,20.63,51.25,63.88,84.36,79.07
43,"Jerusalem, Israel",80.2,31.8,56.63,63.38,87.85,68.97
44,"Utrecht, Netherlands",80.04,40.78,60.92,61.14,84.27,77.35
45,"Irvine, CA, United States",79.94,65.43,72.88,73.02,78.68,137.4
46,"Los Angeles, CA, United States",79.82,70.01,75.05,77.95,79.47,106
47,"Galway, Ireland",79.56,36.19,58.44,65.01,76.22,73.94
48,"Philadelphia, PA, United States",79.19,46.45,63.25,77.98,67.94,87.68
49,"Pittsburgh, PA, United States",79.02,35.02,57.59,80.58,63.79,108.97
50,"London, United Kingdom",78.83,65.17,72.17,56.22,82.38,84.56
51,"Uppsala, Sweden",78.64,25.98,52.99,71.9,76.1,78.64
52,"Cleveland, OH, United States",78.62,37.7,58.69,82.07,66.89,90.67
53,"Milwaukee, WI, United States",78.6,33.97,56.87,79.61,69.62,88.12
54,"Stockholm, Sweden",78.59,38.44,59.04,67.97,79.02,81.37
55,"Sacramento, CA, United States",78.57,45.12,62.28,76.97,69.03,109.38
56,"Odense, Denmark",78.55,25.26,52.6,59.73,92.73,96.18
57,"Cork, Ireland",78.39,40.23,59.81,64.08,76.87,75.05
58,"San Diego, CA, United States",78.3,65.59,72.11,74.35,77.62,121.07
59,"Nice, France",78.08,32.47,55.87,72.99,75.1,66.03
60,"Hong Kong, Hong Kong",77.9,75.26,76.62,77.47,54.7,67.02
61,"Newcastle, Australia",77.9,37.3,58.13,70.24,77.47,115.96
62,"Asheville, NC, United States",77.61,39.87,59.23,80.25,72.72,102.44
63,"San Jose, CA, United States",77.55,81.32,79.39,69.57,82.46,143.11
64,"Eindhoven, Netherlands",77.2,34.57,56.44,61.09,76.9,92.14
65,"New Orleans, LA, United States",77,40.11,59.03,75.77,72.2,87.22
66,"Brighton, United Kingdom",76.94,39.6,58.75,61.44,80.59,72.1
67,"Auckland, New Zealand",76.91,39.35,58.62,71.03,66.46,83.54
68,"Birmingham, AL, United States",76.72,29.18,53.57,78.72,61.02,88.81
69,"Tampa, FL, United States",76.72,40.21,58.94,82.97,63.7,117.29
70,"Grenoble, France",76.52,21.1,49.53,74.02,68.87,76.42
71,"Perth, Australia",76.39,28.36,53,67.3,72.75,102.49
72,"Haarlem, Netherlands",76.35,47.46,62.28,57.16,75.61,85.13
73,"Valletta, Malta",76.3,41,59.11,63.42,80.29,36.99
74,"Atlanta, GA, United States",76.11,46.88,61.88,75.86,64.01,131.11
75,"Linz, Austria",76.03,25.59,51.47,67.48,75.21,75.63
76,"Brisbane, Australia",75.78,33.43,55.16,70.6,71.89,105.31
77,"Charlotte, NC, United States",75.7,42.2,59.39,68.67,70.5,126.48
78,"Tampere, Finland",75.66,24.25,50.62,66.48,75.46,88.19
79,"Munich, Germany",75.56,43.87,60.13,58.16,74.28,91.09
80,"Canberra, Australia",75.51,38.5,57.49,73.81,69.56,107.36
81,"Groningen, Netherlands",75.48,26.36,51.56,58.79,73.67,82.12
82,"Lyon, France",75.47,25.3,51.04,68.68,66.99,81.1
83,"Helsinki, Finland",75.39,35.09,55.77,63.66,81.84,89.82
84,"Marseille, France",75.22,23.47,50.02,72.3,67.71,62.79
85,"Baltimore, MD, United States",75.04,42.35,59.12,71.1,72.33,107.83
86,"Gold Coast, Australia",75,36.09,56.05,68.58,76.69,109.38
87,"Graz, Austria",74.97,20.34,48.36,69.1,59.87,78.02
88,"Christchurch, New Zealand",74.87,28.71,52.39,69.41,70.9,87.81
89,"Maastricht, Netherlands",74.68,33.56,54.65,57.47,78.63,79.27
90,"Leiden, Netherlands",74.49,32.26,53.93,57.09,72.89,83.99
91,"Ann Arbor, MI, United States",74.43,49.47,62.28,73.55,63.15,116.23
92,"Nijmegen, Netherlands",74.38,30.89,53.2,57.59,74.95,104.87
93,"Parma, Italy",74.36,20.55,48.16,56.33,83.38,59.75
94,"Toulouse, France",74.3,21.65,48.66,70.27,68.55,89.93
95,"Rochester, NY, United States",74.28,28.53,52,72.72,71.06,103.52
96,"Denver, CO, United States",74.27,51.15,63.01,64.86,76.33,121.05
97,"Leuven, Belgium",74,24.72,50,63.04,75.39,77.36
98,"Genoa, Italy",73.98,18.53,46.98,66.05,70.44,57.61
99,"Gent, Belgium",73.98,23.93,49.61,60.93,75.06,77.74
100,"Melbourne, Australia",73.76,38.69,56.69,70.91,63.11,104.83
101,"Brussels, Belgium",73.69,29.78,52.31,62.96,77.32,90.49
102,"Antwerp, Belgium",73.66,24.15,49.55,59.19,81.28,82.84
103,"Montpellier, France",73.21,21.66,48.11,69.83,67.56,59.35
104,"Gothenburg, Sweden",73.12,31.02,52.62,63.84,78.54,86.06
105,"Spokane, WA, United States",73.12,29.54,51.89,69.2,72.81,97.06
106,"Limerick, Ireland",72.98,32.53,53.28,61.37,64.81,73.37
107,"Rome, Italy",72.82,32.86,53.36,61.17,72.27,53.8
108,"Columbus, OH, United States",72.82,30.56,52.24,70.41,67.67,128.55
109,"Albany, NY, United States",72.81,31.67,52.78,66.98,76.42,116.08
110,"Sliema, Malta",72.69,33.12,53.42,61.4,78.17,47.67
111,"Toronto, Canada",72.56,47.98,60.59,66.07,70.5,81.62
112,"Colorado Springs, CO, United States",72.49,34.98,54.22,74.25,59.72,110.78
113,"Malmo, Sweden",72.45,25.1,49.39,65.77,71.99,89.81
114,"Vancouver, Canada",72.37,47.91,60.46,74.94,63.94,88.66
115,"San Juan, Puerto Rico",72.18,24.1,48.77,73.71,64.37,64.62
116,"Rotterdam, Netherlands",72.13,37.68,55.36,55.5,69.26,83.96
117,"Knoxville, TN, United States",71.85,31.64,52.27,80.35,59.3,98.29
118,"Red Deer, Canada",71.85,21.05,47.11,66.98,64.31,99.95
119,"Frankfurt, Germany",71.84,39.17,55.93,50.54,65.73,99.61
120,"Orlando, FL, United States",71.81,40.24,56.44,69.77,72.17,103.89
121,"Nashville, TN, United States",71.79,46.11,59.29,64.12,76.91,111.67
122,"Burnaby, Canada",71.69,40.03,56.27,72.11,62.72,87.57
123,"Bologna, Italy",71.63,25.24,49.04,64.02,70.69,59.6
124,"Bergamo, Italy",71.58,19.83,46.38,62.35,73.25,64.19
125,"Cambridge, United Kingdom",71.48,38.08,55.21,55.72,78.68,73.41
126,"The Hague (Den Haag), Netherlands",71.24,32.88,52.56,56.81,73.27,95.5
127,"Delft, Netherlands",71.18,28.98,50.63,56.91,68.96,94.64
128,"Buffalo, NY, United States",71.18,26.79,49.56,68.49,63.95,102.98
129,"Florence, Italy",71.17,29.58,50.92,60.67,72.55,53.42
130,"Trieste, Italy",71.16,16.79,44.68,64.51,69.46,66.62
131,"Olympia, WA, United States",71.1,39.4,55.66,68.17,65.97,113.63
132,"Kansas City, MO, United States",71.04,29.21,50.67,65.14,69.9,117.39
133,"Turku, Finland",70.95,21.54,46.89,54.65,80.97,107.22
134,"Adelaide, Australia",70.83,27.12,49.55,69.31,60.56,109.59
135,"Macao, Macao",70.81,41.26,56.42,68.89,49.96,72.29
136,"Halifax, Canada",70.77,29.23,50.54,75.58,57.41,72.8
137,"Wellington, New Zealand",70.73,37.32,54.46,65.29,62.02,98.78
138,"Hobart, Australia",70.71,31.58,51.65,66.9,64.6,108.44
139,"Victoria, Canada",70.68,37.44,54.49,72.98,63.03,78.54
140,"Jacksonville, FL, United States",70.6,32.43,52.01,72.25,71.52,116.55
141,"Aberdeen, United Kingdom",70.55,24.5,48.12,55.45,74.83,103.8
142,"Reading, United Kingdom",70.5,36.5,53.94,61.78,64.23,99.49
143,"York, United Kingdom",70.4,27.98,49.74,57.33,69.45,78.24
144,"Heidelberg, Germany",70.05,28.62,49.87,49.39,69.45,90.57
145,"Raleigh, NC, United States",69.92,35.88,53.34,71.34,67.11,131.63
146,"Lille, France",69.87,24.28,47.67,62.62,63.67,76.85
147,"Detroit, MI, United States",69.76,40.07,55.3,70.68,58.21,78.93
148,"Hamburg, Germany",69.71,32.86,51.76,53.23,61.64,89.26
149,"Lincoln, United Kingdom",69.62,20.45,45.68,53.24,76.61,97.72
150,"Dresden, Germany",69.61,22.25,46.55,51.76,62.8,101.86
151,"Edmonton, Canada",69.55,25.72,48.21,64.82,66.28,89.24
152,"Tucson, AZ, United States",69.41,26.93,48.72,63.5,56.74,99.39
153,"Bristol, United Kingdom",69.37,34.31,52.3,52.78,76.12,83.23
154,"Nuremberg, Germany",69.32,25.08,47.78,56.73,59,93.46
155,"Calgary, Canada",69.13,27.09,48.66,63.75,66.6,111.77
156,"Eugene, OR, United States",69.13,33.17,51.62,75.16,56.08,95.13
157,"Espoo, Finland",69.1,27.93,49.05,53.03,77.11,117.71
158,"Portsmouth, United Kingdom",69.05,29.87,49.97,56.29,82.16,88.28
159,"Oxford, United Kingdom",68.99,43.22,56.44,55.04,65.1,89.2
160,"Dubai, United Arab Emirates",68.83,49.35,59.35,53.87,65.63,84.39
161,"Stuttgart, Germany",68.78,32.29,51.01,52.31,68.83,100.56
162,"Reno, NV, United States",68.75,37.41,53.49,67.2,66.48,125.28
163,"Richmond, VA, United States",68.72,33.84,51.74,65.91,70.82,114.52
164,"Las Vegas, NV, United States",68.63,35.82,52.65,57.65,73.09,117.4
165,"Louisville, KY, United States",68.62,30.89,50.25,66.34,72.87,110.16
166,"Edinburgh, United Kingdom",68.54,31.94,50.72,53.04,79.66,80.36
167,"Beirut, Lebanon",68.48,24.37,47,54.96,60.73,30.87
168,"Turin, Italy",68.41,20.6,45.13,55.96,70.39,62.31
169,"Houston, TX, United States",68.38,42.25,55.66,63.55,71.38,130.69
170,"Bonn, Germany",68.36,29.1,49.24,50.03,61.04,97.25
171,"Toledo, OH, United States",68.04,20.59,44.93,66.75,61.87,102.54
172,"Mannheim, Germany",67.95,20.76,44.97,48.38,61.46,93.6
173,"Coquitlam, Canada",67.88,40.22,54.41,70.95,50.3,79.6
174,"Vienna, Austria",67.83,30.64,49.72,58.3,62.62,84.39
175,"Des Moines, IA, United States",67.73,27.26,48.03,69.63,57.03,118.9
176,"Saskatoon, Canada",67.68,23.44,46.14,61.05,63.22,88.83
177,"Dusseldorf, Germany",67.67,27.62,48.17,49.29,64.02,98.08
178,"San Antonio, TX, United States",67.58,35.11,51.76,64.9,63.92,109.29
179,"Ottawa, Canada",67.55,33.98,51.21,61.79,66.8,93.62
180,"Nottingham, United Kingdom",67.48,21.98,45.32,57.34,65.25,77.76
181,"Cologne, Germany",67.47,28.16,48.33,48.16,64.65,90.77
182,"Freiburg im Breisgau, Germany",67.47,32.93,50.65,52.01,64.11,95.26
183,"Mississauga, Canada",67.43,40.41,54.27,61.86,58.11,97.04
184,"Doha, Qatar",67.37,45.63,56.78,59.3,64.15,95.55
185,"Kelowna, Canada",67.34,31.98,50.12,62.72,64.16,86.78
186,"Phoenix, AZ, United States",67.11,35.86,51.89,62.19,63.57,120.4
187,"Manchester, United Kingdom",67.11,28.61,48.36,54.35,73.1,94.42
188,"Birmingham, United Kingdom",67.07,27.79,47.94,54.93,65.05,81.41
189,"Brampton, Canada",67.04,35.36,51.61,60.66,56.29,79.5
190,"Berlin, Germany",67.02,32.07,50,53.26,53.79,98.15
191,"Tulsa, OK, United States",66.87,26.73,47.33,67.89,59.5,115.7
192,"Madison, WI, United States",66.75,36.44,51.99,62.25,64.32,120.56
193,"Kaohsiung, Taiwan",66.08,10.69,39.11,83.8,26.19,53.51
194,"Padova, Italy",66.06,20.33,43.79,51.24,65.93,64.36
195,"Southampton, United Kingdom",66.05,28.36,47.7,52.37,66.8,91.07
196,"Exeter, United Kingdom",65.93,24.55,45.78,50.67,66.91,90.66
197,"Regina, Canada",65.71,25.42,46.09,65.05,57.99,86.49
198,"Plymouth, United Kingdom",65.68,21.69,44.26,49.63,69.78,81.89
199,"Dundee, United Kingdom",65.62,20.63,43.72,54.05,72.63,87
200,"Nicosia, Cyprus",65.52,18.76,42.75,55.97,64.43,55.63
201,"Salt Lake City, UT, United States",65.47,35.94,51.09,60.93,62.29,125.21
202,"Dallas, TX, United States",65.27,47.46,56.6,57.42,65.48,147.47
203,"Stoke-on-Trent, United Kingdom",65.1,14.51,40.46,48.7,68.4,88.11
204,"Indianapolis, IN, United States",65.02,29.01,47.49,61.6,55.62,116.36
205,"Hamilton, Canada",65.02,26.93,46.47,62.6,56.89,90.86
206,"Coventry, United Kingdom",65,26.31,46.16,54.97,60.67,103.42
207,"Essen, Germany",64.94,19.91,43.01,47.96,64.28,85.53
208,"Bilbao, Spain",64.85,26.11,45.98,55.47,60.44,68.06
209,"Naples, Italy",64.75,20.35,43.13,55.42,54.64,50.25
210,"Cardiff, United Kingdom",64.68,24.35,45.04,55.17,58.71,90.45
211,"Bremen, Germany",64.54,22.68,44.16,49.21,58.8,83.76
212,"Little Rock, AR, United States",64.51,25.94,45.73,60.22,67.63,126.77
213,"Liverpool, United Kingdom",64.46,22.61,44.08,49.55,71.74,85.27
214,"Austin, TX, United States",64.45,48.76,56.81,63.58,61.76,131.76
215,"Derby, United Kingdom",64.37,19.26,42.4,50.85,66.61,89.85
216,"Taipei, Taiwan",64.12,20.72,42.99,76.35,29.27,63.96
217,"Montreal, Canada",64.1,26.75,45.91,66.01,56.21,89.61
218,"Cincinnati, OH, United States",64.04,34.26,49.54,61.75,57.99,122.1
219,"Kitchener, Canada",64.04,27.87,46.43,58.3,60.82,86.17
220,"Winnipeg, Canada",63.66,22.95,43.84,60.99,56.39,89.02
221,"Limassol, Cyprus",63.62,28.65,46.59,49.55,67.89,58.52
222,"Albuquerque, NM, United States",63.61,26.04,45.32,60.94,65.42,112.61
223,"Leicester, United Kingdom",63.37,21.32,42.89,48.09,63.67,89.68
224,"Glasgow, United Kingdom",63.34,23.09,43.74,50.59,67.84,95.15
225,"Newcastle upon Tyne, United Kingdom",63.21,22.86,43.56,51.81,62.58,85.19
226,"Hanover, Germany",63.18,25.38,44.77,47.92,60.27,103.95
227,"Fresno, CA, United States",62.85,31.41,47.54,56.32,59.7,118.44
228,"Memphis, TN, United States",62.82,25.85,44.82,55.72,60.1,111.41
229,"Leipzig, Germany",62.82,19.12,41.54,46.94,52.88,73.37
230,"Sheffield, United Kingdom",62.64,23.12,43.4,54.75,58.37,84.67
231,"Quebec City, Canada",62.59,17.04,40.4,65.54,51.8,88.05
232,"Aachen, Germany",62.17,20.06,41.67,48.07,51.1,106.34
233,"Abu Dhabi, United Arab Emirates",61.92,41.68,52.06,51.27,59.19,89.99
234,"Karlsruhe, Germany",61.8,23.08,42.95,46.23,54.17,106.22
235,"Barcelona, Spain",61.71,30.52,46.52,49.28,60.72,60.44
236,"London, Canada",61.59,25.54,44.04,56.1,58.98,88.59
237,"Huntsville, AL, United States",61.48,28.53,45.43,63.19,57.62,128.32
238,"Addis Ababa, Ethiopia",61.2,15.91,39.15,42.05,22.02,8.55
239,"Madrid, Spain",61.15,33.16,47.52,48.88,61.55,67.17
240,"Belfast, United Kingdom",60.86,22.87,42.36,53.02,64.2,90.17
241,"Wichita, KS, United States",60.63,22.65,42.14,55.63,53.81,114.01
242,"Boise, ID, United States",60.54,34.8,48,51.99,65.29,100.93
243,"Port of Spain, Trinidad And Tobago",60.43,20.3,40.89,54.15,65.56,41.57
244,"Zaragoza (Saragossa), Spain",60.2,18.06,39.68,51.93,54.82,68.68
245,"Panama City, Panama",59.77,26.33,43.49,61.39,52.79,33.09
246,"Manama, Bahrain",59.44,28.99,44.61,48.81,53.82,50.56
247,"Kingston, Jamaica",59.41,17.12,38.82,58.83,39.06,30.12
248,"Leeds, United Kingdom",59.41,25.63,42.96,47.05,60.54,98.47
249,"Athens, Greece",58.8,15.38,37.66,45.72,54.87,40.53
250,"Makati, Philippines",58.75,24.9,42.27,66.52,25.67,29.18
251,"Palma de Mallorca, Spain",58.66,27.64,43.56,46.22,62.75,56.87
252,"Kingston upon Hull, United Kingdom",58.57,18.73,39.17,43.79,59.75,84.21
253,"Harare, Zimbabwe",58.37,11.78,35.68,49.45,44.59,18.91
254,"Thessaloniki, Greece",58.35,12.21,35.88,43.62,56.01,36.71
255,"Catania, Italy",58.13,15.58,37.41,43.12,56.15,64.83
256,"El Paso, TX, United States",57.94,22.38,40.62,60.96,44.28,122.83
257,"Heraklion, Greece",57.38,12.4,35.48,41.41,43.92,43.78
258,"Ljubljana, Slovenia",57.38,20.97,39.65,48.15,47.94,59
259,"San Jose, Costa Rica",57.29,17.94,38.13,54.01,47.06,34.15
260,"Granada, Spain",57.09,17.1,37.61,45.38,48.84,61.84
261,"Split, Croatia",56.56,14.63,36.14,50.23,49.12,39.31
262,"Amman, Jordan",56.21,11.92,34.64,45.36,48.8,32.89
263,"Patras, Greece",55.91,8.29,32.72,40.98,43.91,45.54
264,"Bangkok, Thailand",55.85,25.28,40.96,55.08,28.69,31.69
265,"Tallinn, Estonia",55.01,17.09,36.54,40.87,55.41,65.11
266,"Palermo, Italy",54.74,14.85,35.32,42.7,48.53,66.22
267,"Ajman, United Arab Emirates",54.71,34.74,44.98,40.66,54.84,50.93
268,"Alicante, Spain",53.56,17.7,36.1,42.54,53.44,79.61
269,"Valencia, Spain",53.44,21.92,38.09,42.83,50.94,73.81
270,"Paphos, Cyprus",53.42,13.97,34.21,43.23,48.13,58.69
271,"Sharjah, United Arab Emirates",53.41,22.29,38.25,40.71,42.88,83.7
272,"Santa Cruz de Tenerife, Spain",53.37,18.31,36.3,44.14,52.01,60.48
273,"Funchal, Portugal",53.34,17.77,36.02,41.09,39.27,47.56
274,"Rijeka, Croatia",52.97,10.76,32.42,47.11,46.62,48.17
275,"Seville (Sevilla), Spain",52.97,20.06,36.95,46.42,43.62,68.59
276,"Malaga, Spain",52.89,22.85,38.26,42.32,50.59,69.48
277,"Muscat, Oman",52.78,18.53,36.1,48.16,48.06,91.91
278,"Zagreb, Croatia",52.43,15.53,34.46,44.31,43.72,50.45
279,"Maribor, Slovenia",52.42,11.99,32.73,43.75,38.36,69.73
280,"Braga, Portugal",52.34,16.11,34.7,45.98,35.16,52.02
281,"Lisbon, Portugal",51.55,30.87,41.48,39.31,44.18,46.98
282,"Tartu, Estonia",51.3,12.66,32.48,39.93,46.65,63.07
283,"Riga, Latvia",50.92,14.46,33.17,37.71,44.99,49.9
284,"Jeddah (Jiddah), Saudi Arabia",50.73,10.47,31.12,39.71,32.43,83.19
285,"Kuwait City, Kuwait",50.64,29.61,40.4,35.62,45.19,67.29
286,"Bratislava, Slovakia",50.63,20.91,36.16,42.19,42.92,61.43
287,"Las Palmas de Gran Canaria, Spain",50.52,22,36.63,43.4,49.89,60.29
288,"Porto, Portugal",50.28,23.9,37.43,41.19,39.19,43.49
289,"Phuket, Thailand",50.12,14.5,32.77,50.42,28.39,30.59
290,"Riyadh, Saudi Arabia",49.64,13.92,32.24,39.24,34.85,87.3
291,"Pattaya, Thailand",49.56,15.98,33.21,48.72,30.3,22.01
292,"Shanghai, China",49.25,35.41,42.51,50.75,38.7,58.78
293,"Prague, Czech Republic",48.63,25.32,37.28,41.31,35.55,60.75
294,"Ad Dammam, Saudi Arabia",48.5,13.41,31.41,39.28,31.49,88.64
295,"Phnom Penh, Cambodia",48.38,16.63,32.92,48.42,23.92,14.98
296,"Coimbra, Portugal",48.32,15.47,32.33,40.37,37.57,48.51
297,"Paramaribo, Suriname",47.96,9.53,29.25,48.53,44.21,19.21
298,"Montevideo, Uruguay",47.53,13.79,31.1,37.77,43.09,36.01
299,"San Salvador, El Salvador",47.37,13.92,31.08,48.59,31.47,21.66
300,"Klaipeda, Lithuania",47.35,10.23,29.27,36.37,40.99,56.64
301,"Wuhan, China",46.99,9.48,28.72,55.99,28.86,44.85
302,"Santiago, Chile",46.9,14.37,31.06,40.04,44.05,35.98
303,"Osijek, Croatia",46.88,8.82,28.35,42.13,31.75,49.33
304,"Guatemala City, Guatemala",46.51,15.26,31.29,41.56,34.71,33.98
305,"Vilnius, Lithuania",46.28,16.16,31.61,34.77,47.27,60.18
306,"Aveiro, Portugal",46.19,16.09,31.53,37.59,33.9,50.05
307,"Chiang Mai, Thailand",45.9,12.7,29.73,49.99,21.42,34.41
308,"Kosice, Slovakia",45.7,15,30.75,36.58,35.17,51.7
309,"Shenzhen, China",45.49,24.5,35.27,48.44,31.72,58.22
310,"Kaunas, Lithuania",45.08,12.07,29.01,36.47,38.83,57.3
311,"Brno, Czech Republic",44.64,18.07,31.7,38.03,32.59,62.89
312,"Bali, Indonesia",44.46,10.88,28.11,44.15,25.44,13.11
313,"Jakarta, Indonesia",44.33,17.96,31.49,45.02,24.07,24.79
314,"Beijing, China",44.21,33.27,38.88,43.36,32.33,59.17
315,"Guayaquil, Ecuador",43.64,13,28.72,37.17,28.5,31.97
316,"Havana, Cuba",43.42,3.93,24.19,37.95,32.45,2.25
317,"Quito, Ecuador",43.39,12.82,28.5,38.42,31.33,32.97
318,"Warsaw, Poland",43.32,22.02,32.95,34.36,35.92,55.06
319,"Chengdu, China",43.16,9.97,27,50.43,23.35,52.17
320,"Cebu, Philippines",43.11,13.57,28.73,42.58,24.79,21.51
321,"Budapest, Hungary",43.09,16.3,30.04,34.36,34.21,49.46
322,"Santo Domingo, Dominican Republic",42.79,11.56,27.58,37.4,34.51,23.18
323,"Johor Bahru, Malaysia",42.51,7.89,25.65,48.79,21.66,59.22
324,"Davao, Philippines",42.49,9.3,26.33,43.32,20.4,18.51
325,"Sofia, Bulgaria",41.95,13.11,27.91,34.49,35.2,49.97
326,"Moscow, Russia",41.9,25.79,34.05,31.87,41.85,49.7
327,"Accra, Ghana",41.85,20.8,31.6,43.49,26.88,17.79
328,"Bydgoszcz, Poland",41.78,12.01,27.29,33.63,32.48,56.57
329,"Erbil (Irbil), Iraq",41.76,11.39,26.97,36.38,28.87,42.2
330,"Petaling Jaya, Malaysia",41.47,13.19,27.7,42.24,25.24,61.4
331,"Maputo, Mozambique",41.39,17.78,29.89,32.06,32.02,14.58
332,"Gdansk, Poland",41.36,19.85,30.88,31.48,33.92,51.1
333,"Manila, Philippines",41.34,23.55,32.68,36.85,24.38,22.44
334,"Lima, Peru",41.04,15.83,28.77,37.07,27.35,29.05
335,"Baghdad, Iraq",40.96,13.03,27.36,33.58,30.48,37.24
336,"Olomouc, Czech Republic",40.96,12.11,26.91,36.52,26.8,64.81
337,"Krakow (Cracow), Poland",40.88,17.21,29.36,32.02,34.6,54.36
338,"Gdynia, Poland",40.87,16.86,29.18,31.58,32.25,46.89
339,"Poznan, Poland",40.77,17.25,29.32,32.4,33.84,45.66
340,"Guangzhou, China",40.68,16.89,29.09,42.96,25.19,60.42
341,"Podgorica, Montenegro",40.64,10.87,26.14,31.75,31.35,36.87
342,"Johannesburg, South Africa",40.64,13.95,27.64,31.21,36.47,72.94
343,"Gaborone, Botswana",40.59,10.01,25.7,35.35,41.65,71.6
344,"Kuala Lumpur, Malaysia",40.52,13.75,27.48,40.11,23.3,61.38
345,"Bucharest, Romania",40.51,13.69,27.45,33.43,36.99,51.74
346,"Penang, Malaysia",40.51,8.74,25.04,44.18,20.25,60.45
347,"Nairobi, Kenya",40.36,11.7,26.4,37.69,31.63,25.72
348,"Wroclaw, Poland",40.11,18.71,29.69,31.61,32.97,51.19
349,"Belgrade, Serbia",40.01,11.61,26.18,28.96,32.91,35.19
350,"Ostrava, Czech Republic",39.89,10.9,25.77,35.01,26.99,65.54
351,"Vladivostok, Russia",39.85,13.95,27.24,33.99,36.55,32.16
352,"Marrakech, Morocco",39.35,8.74,24.44,31.09,36.66,28.62
353,"Tirana, Albania",39.09,9.76,24.81,31.26,29.55,27.99
354,"Ho Chi Minh City, Vietnam",38.95,18.52,29,37.94,20.27,23.93
355,"Lodz, Poland",38.87,13.57,26.55,29.7,30.61,48.76
356,"Constanta, Romania",38.85,8.26,23.95,30.25,39.11,39.35
357,"Banja Luka, Bosnia And Herzegovina",38.82,7.79,23.71,31.76,25.55,35.67
358,"La Paz, Bolivia",38.74,11.96,25.7,34.16,27.47,34.84
359,"Debrecen, Hungary",38.71,11.06,25.25,31.22,32.11,44.64
360,"Tehran, Iran",38.68,21.24,30.19,32.44,26.21,18.13
361,"Pretoria, South Africa",38.6,11.39,25.35,29.44,28.67,81.63
362,"Hanoi, Vietnam",38.43,11.48,25.3,38.69,18.48,29.06
363,"Plovdiv, Bulgaria",38.37,8.31,23.73,32.39,28.93,42.53
364,"Sarajevo, Bosnia And Herzegovina",38.36,8.28,23.71,30.28,26.74,45.19
365,"Dar es Salaam, Tanzania",38.25,19.37,29.05,32.26,20.31,17.27
366,"Burgas, Bulgaria",38.19,6.88,22.94,32.53,31.5,34.12
367,"Cape Town, South Africa",38.09,20.97,29.75,31.91,34.48,63.86
368,"Szczecin, Poland",38.08,12.58,25.66,30.14,29.73,51.25
369,"Cluj-Napoca, Romania",37.64,13.81,26.04,31.84,32.78,51.01
370,"Szeged, Hungary",37.55,8.91,23.61,33.02,24.51,45.6
371,"Varna, Bulgaria",37.43,8.19,23.19,31.64,28.82,46.46
372,"Tangier, Morocco",37.26,9.06,23.53,32.44,26.06,30.56
373,"Lublin, Poland",37.13,12.55,25.16,27.91,27.64,58.26
374,"Brasov, Romania",37.1,10.35,24.07,31.85,31.1,46.15
375,"Novi Sad, Serbia",36.96,9.32,23.5,27.83,28.05,40.38
376,"Casablanca, Morocco",36.92,12.05,24.81,30.87,28.19,31.17
377,"Iasi, Romania",36.79,9.79,23.64,30.95,28.74,45.18
378,"Bandung, Indonesia",36.77,7.86,22.69,38.47,16.43,23.73
379,"Sibiu, Romania",36.71,9.33,23.38,31.88,31.62,50.06
380,"Rabat, Morocco",36.51,10.98,24.08,31.97,25.67,38.24
381,"Surabaya, Indonesia",36.42,10.63,23.86,41.32,17.82,23.13
382,"Saint Petersburg, Russia",36.34,15.73,26.3,29.01,32.65,42.31
383,"Ploiesti, Romania",36.32,8.05,22.55,30.68,31.71,43.04
384,"Skopje, North Macedonia",36.25,8.45,22.71,29.46,27.38,33.91
385,"Katowice, Poland",36.12,13.45,25.08,26.65,27.42,50.86
386,"Kigali, Rwanda",36.07,15.62,26.11,29.62,31.83,20.22
387,"Colombo, Sri Lanka",36.02,13.23,24.92,40.56,20.29,20.65
388,"Dhaka, Bangladesh",35.9,5.9,21.29,33.58,20.68,27.17
389,"Cuenca, Ecuador",35.84,12.24,24.34,33.13,24.07,30.04
390,"Timisoara, Romania",35.77,9.9,23.17,30.45,29.39,59.9
391,"Lagos, Nigeria",35.7,31.49,33.65,36.01,25.46,11.6
392,"Sao Paulo, Brazil",35.27,12.88,24.37,26.85,29.68,34.09
393,"Oradea, Romania",35.09,7.75,21.78,30.33,25.26,45.57
394,"Mexico City, Mexico",35.08,17.29,26.42,30.93,32.38,37.99
395,"Arad, Romania",34.91,6.1,20.88,31.87,22.6,44.92
396,"Durban, South Africa",34.86,10.44,22.97,26.5,28.42,70.37
397,"Minsk, Belarus",34.85,11.03,23.25,28.93,38.45,33.61
398,"Istanbul, Turkey",34.84,8.96,22.24,29.22,24.05,36.17
399,"Cancun, Mexico",34.59,11.03,23.12,30.37,30.78,35.48
400,"Chisinau, Moldova",34.18,8.94,21.89,26.88,28.83,26.32
401,"Campinas, Brazil",34.15,7.17,21.01,25.03,24.32,37.34
402,"Agadir, Morocco",34.15,7.47,21.16,30.43,24.37,29.41
403,"Yogyakarta, Indonesia",34.13,11.25,22.98,38.43,14.17,10.76
404,"Ulaanbaatar, Mongolia",34.09,10.97,22.83,33.62,22.37,28.31
405,"Tijuana, Mexico",33.98,10.8,22.69,31.59,29.41,37.89
406,"Yerevan, Armenia",33.96,10.84,22.7,26.25,27.91,26.43
407,"Rostov-na-donu, Russia",33.93,8.52,21.56,25.8,37.52,33.5
408,"Nizhny Novgorod, Russia",33.9,9.86,22.19,27.5,31.09,35.52
409,"Craiova, Romania",33.69,7.73,21.05,29.63,23.69,47.95
410,"Monterrey, Mexico",33.69,11.16,22.72,31.54,29.35,53.84
411,"Astana (Nur-Sultan), Kazakhstan",33.54,10.08,22.12,26.97,32.27,45.32
412,"Rio de Janeiro, Brazil",33.52,10.51,22.31,25.5,26.06,28.45
413,"Kiev (Kyiv), Ukraine",33.44,16.19,25.04,27.71,26.79,38.85
414,"Bursa, Turkey",33.25,5.47,19.72,29.49,20.36,39.88
415,"Nis, Serbia",33.15,6.05,19.95,25.68,25.12,33.96
416,"Tyumen, Russia",33.03,8.33,21,27.92,30.65,39.65
417,"Kampala, Uganda",32.94,10.06,21.8,27.46,25.01,13.89
418,"Kaliningrad, Russia",32.88,7.11,20.33,27.48,25.82,35.65
419,"Krasnoyarsk, Russia",32.53,8.13,20.65,28.79,28.42,37.15
420,"Qingdao, Shandong, China",32.46,11.56,22.28,32.11,22.01,61.76
421,"Brasilia, Brazil",32.39,10.49,21.72,23.57,25.43,50.36
422,"Ankara, Turkey",32.33,5.78,19.4,27.71,21.23,41.96
423,"Merida, Mexico",32.25,7.79,20.34,32.52,24.28,30.15
424,"Baku, Azerbaijan",32.24,9.99,21.41,25.83,31.09,28.08
425,"Yekaterinburg, Russia",32.23,9.31,21.07,24.64,28.6,43.99
426,"Samara, Russia",32.21,8.98,20.9,25.83,29.5,32.6
427,"Queretaro, Mexico",32.19,9,20.9,31.18,25.17,41.55
428,"Novosibirsk, Russia",32.07,9.77,21.21,27.76,26.01,34.81
429,"Voronezh, Russia",32.07,7.2,19.96,26.49,29.65,33.13
430,"Izmir, Turkey",32.02,6.35,19.52,27.99,21.64,38.61
431,"Cairo, Egypt",31.99,6.87,19.76,26.78,28.36,23.19
432,"Florianopolis, Brazil",31.89,8.38,20.44,24.21,27.25,32.96
433,"Irkutsk, Russia",31.83,9.26,20.84,26.98,28.88,32.9
434,"Buenos Aires, Argentina",31.82,8.1,20.27,26.05,27.07,44.58
435,"Kazan, Russia",31.75,9.04,20.69,26.86,29.73,37.47
436,"Ufa, Russia",31.54,8.56,20.35,25.38,30.76,35.94
437,"Mykolaiv, Ukraine",31.48,5.63,18.89,25.98,30.29,23.48
438,"Recife, Brazil",31.42,7.44,19.74,23.24,22.01,21.52
439,"Odessa (Odesa), Ukraine",31.4,9.9,20.93,25.05,24.68,33.41
440,"Asuncion, Paraguay",31.36,9.77,20.85,25.75,25.75,31.55
441,"Perm, Russia",31.28,7.51,19.7,25.73,26.89,38.53
442,"Damascus, Syria",31.17,8.6,20.18,28.21,28.21,8.59
443,"Algiers, Algeria",31.14,7.43,19.59,30.47,17.68,26.88
444,"Belo Horizonte, Brazil",31.1,7.38,19.55,22.97,22.56,24.06
445,"Guadalajara, Mexico",31.07,10.76,21.18,29.47,25.82,39.36
446,"Almaty, Kazakhstan",31.07,10.54,21.07,27.2,26.42,36.32
447,"Volgograd, Russia",31.03,7.13,19.39,23.39,35.57,32.33
448,"Krasnodar, Russia",31.01,8.24,19.93,24.99,27.69,38.26
449,"Bogota, Colombia",30.99,11.95,21.72,25.23,22.26,25.19
450,"Tomsk, Russia",30.81,6.92,19.17,26.42,24.58,38.13
451,"Saratov, Russia",30.8,6.61,19.02,24.61,29.33,29.11
452,"Chelyabinsk, Russia",30.64,6.33,18.8,25.14,24.33,38.35
453,"Puebla, Mexico",30.59,7.88,19.53,29.72,20.87,36.32
454,"Porto Alegre, Brazil",30.54,7.82,19.47,23.7,22.41,31.76
455,"Chittagong, Bangladesh",30.52,4.08,17.65,28.1,19.31,28.93
456,"Kharkiv, Ukraine",30.44,10.6,20.78,23.32,22.72,30.89
457,"Kathmandu, Nepal",30.28,5.45,18.19,27.67,21.47,19.08
458,"Barranquilla, Colombia",30.26,7.94,19.39,25.8,20.27,29.56
459,"Antalya, Turkey",30.26,5.1,18.01,26.92,20.26,39.82
460,"Tbilisi, Georgia",30.25,11.53,21.13,24.95,27.88,25.73
461,"Lviv, Ukraine",30.13,10.31,20.47,25.95,23.04,29.79
462,"Dnipro, Ukraine",30.1,8.44,19.55,23.56,24.29,33.23
463,"Tunis, Tunisia",30.06,6.66,18.67,28.46,16.49,29.69
464,"Curitiba, Brazil",30.04,6.78,18.71,23.11,23,31.83
465,"Gurgaon, India",29.92,8.93,19.7,28.42,22.98,80.88
466,"Izhevsk, Russia",29.36,6.14,18.05,26.07,24.38,35.74
467,"Chandigarh, India",29.33,5.7,17.82,31.91,17.92,45.4
468,"Medellin, Colombia",29.08,9.43,19.51,25.94,21.24,27.69
469,"Zaporizhzhya, Ukraine",29.07,4.16,16.94,24.43,18.95,24.65
470,"Vinnytsia, Ukraine",28.96,6.83,18.19,24.79,21.34,31.08
471,"Salvador, Brazil",28.87,6.7,18.08,21.13,19.99,24.6
472,"Mumbai, India",28.87,19.56,24.34,28.63,24.87,41.62
473,"Alexandria, Egypt",28.6,5.18,17.19,26.57,20.51,18.43
474,"Tashkent, Uzbekistan",28.3,8.06,18.44,24.52,21.23,22.8
475,"Pristina, Kosovo (Disputed Territory)",28.2,8.76,18.73,26.55,19.91,49.22
476,"Ternopil, Ukraine",28.11,5.13,16.92,24.45,17.56,23.24
477,"Delhi, India",27.43,8.25,18.09,25.54,23.37,51.26
478,"Sumy, Ukraine",27.38,4.55,16.26,23.74,17.2,24.38
479,"Cali, Colombia",27.26,6.4,17.1,22.65,19.07,34.09
480,"Bangalore, India",26.98,8.39,17.93,27.68,19.37,65.53
481,"Goa, India",26.8,6.06,16.7,25.73,23.82,41.87
482,"Noida, India",26.64,5.37,16.28,24.54,20.14,60
483,"Ahmedabad, India",26.11,6.74,16.68,27.29,17.03,35.01
484,"Ghaziabad, India",26.06,4.55,15.58,26.44,18.51,63.02
485,"Thane, India",26.02,8.05,17.27,24.35,22.31,50.25
486,"Pune, India",25.9,6.95,16.67,26.56,19.94,57.21
487,"Hyderabad, India",25.69,6.35,16.27,27.1,16.94,55.38
488,"Kolkata, India",25.26,5.51,15.64,26.74,18.72,41.43
489,"Guwahati, India",25.17,3.75,14.74,28.16,15.59,43.88
490,"Navi Mumbai, India",25.16,9.08,17.33,26.09,19.26,90.61
491,"Bishkek, Kyrgyzstan",25.12,7.78,16.68,22.61,20.99,23.25
492,"Chennai, India",24.74,6.05,15.64,25.96,16.83,49.95
493,"Indore, India",24.5,3.8,14.42,25.47,15.37,38.31
494,"Jaipur, India",24.36,4.73,14.8,23.88,15.02,50.93
495,"Ernakulam, India",24.25,5.17,14.96,25.91,16.93,43.26
496,"Vadodara, India",23.62,3.88,14.01,25.02,16.13,52.17
497,"Surat, India",23.6,3.57,13.85,24.48,16.06,44.32
498,"Mangalore, India",23.57,4.2,14.13,25.8,14.85,48.76
499,"Rajkot, India",23.52,3.92,13.98,23.33,16.58,50.02
500,"Coimbatore, India",23.49,4.76,14.37,26.28,13.62,40.39
501,"Madurai, India",23.42,3.26,13.61,25.95,11.87,37.97
502,"Patna, India",23.33,3.64,13.74,22.62,16.81,46.18
503,"Kochi, India",23.33,4.28,14.05,26.15,13.58,43.12
504,"Bhopal, India",23.09,3.66,13.63,22.78,16.89,44.89
505,"Nagpur, India",22.91,3.94,13.67,22.33,18,59.67
506,"Lucknow (Lakhnau), India",22.48,4.7,13.82,20.97,16.48,48.4
507,"Islamabad, Pakistan",22.46,6.07,14.48,20.02,17.26,28.92
508,"Mysore, India",22.45,4.23,13.58,23.57,13.14,50.68
509,"Vijayawada, India",22.23,4.87,13.77,24.04,12.37,39.16
510,"Bhubaneswar, India",22.11,3.66,13.13,23.78,11.86,59.2
511,"Lahore, Pakistan",21.96,4.5,13.46,18.91,16.02,27.48
512,"Karachi, Pakistan",21.52,4.21,13.09,18.85,16.73,27.94
513,"Visakhapatnam, India",21.3,3.8,12.78,22.62,13.06,49.37
514,"Thiruvananthapuram, India",19.85,4.17,12.21,21.09,10.74,59.95
522,"Sumy, Ukraine",23.84,3.75,14.33,18.01,15.53,28.43
523,"Surat, India",23.77,3.78,14.31,23.78,17.75,66.45
524,"Hyderabad, India",23.59,5.99,15.26,23.02,17.35,78
525,"Nagpur, India",22.76,4.5,14.12,21.62,16.99,98.45
526,"Guwahati, India",22.68,4.04,13.85,22.91,13.7,71.26
527,"Mysore, India",22.41,4.32,13.85,23.87,13.38,45.78
528,"Bhubaneswar, India",22.4,4.4,13.88,23.66,13.42,67
529,"Mangalore, India",22.4,5.05,14.19,22.21,15.92,79.58
530,"Coimbatore, India",22.38,5.21,14.25,22.45,14.39,56.46
531,"Bhopal, India",22.37,3.43,13.41,20.13,15.56,68.22
532,"Vadodara, India",22.28,3.78,13.52,22.26,14.43,74.59
533,"Kochi, India",21.73,5.45,14.02,21.93,12.2,73.42
534,"Visakhapatnam, India",21.52,4.26,13.35,21.09,17.09,55.47
535,"Navi Mumbai, India",19.3,4.7,12.39,19.21,12.55,138.06
536,"Thiruvananthapuram, India",19.26,4.69,12.36,18.14,11.93,68.15
