Urban_Agglomeration,Country,2020
Tokyo,Japan,"38,323"
Delhi,India,"29,348"
Shanghai,China,"27,137"
São Paulo,Brazil,"22,119"
Mumbai,India,"22,838"
Ciudad de México (Mexico City),Mexico,"21,868"
Beijing,China,"24,201"
Kinki M.M.A. (Osaka),Japan,"20,523"
Al-Qahirah (Cairo),Egypt,"20,568"
New York-Newark,United States of America,"18,793"
Dhaka,Bangladesh,"20,989"
Karachi,Pakistan,"19,230"
Buenos Aires,Argentina,"15,894"
Kolkata (Calcutta),India,"15,726"
Istanbul,Turkey,"15,099"
Chongqing,China,"15,233"
Lagos,Nigeria,"16,168"
Manila,Philippines,"13,942"
Rio de Janeiro,Brazil,"13,326"
"Guangzhou, Guangdong",China,"15,174"
Los Angeles-Long Beach-Santa Ana,United States of America,"12,454"
Moskva (Moscow),Russian Federation,"12,474"
Kinshasa,Democratic Republic of the Congo,"14,118"
Tianjin,China,"12,816"
Paris,France,"11,271"
Shenzhen,China,"11,287"
Jakarta,Indonesia,"11,298"
London,United Kingdom,"10,849"
Bangalore,India,"11,837"
Lima,Peru,"10,756"
Chennai (Madras),India,"11,241"
Seoul,Republic of Korea,"9,818"
Bogotá,Colombia,"10,696"
Chukyo M.M.A. (Nagoya),Japan,"9,491"
Johannesburg,South Africa,"10,361"
Krung Thep (Bangkok),Thailand,"10,137"
Hyderabad,India,"10,279"
Chicago,United States of America,"8,871"
Lahore,Pakistan,"10,054"
Tehran,Iran (Islamic Republic of),"8,909"
Wuhan,China,"8,364"
Chengdu,China,"8,766"
Dongguan,China,"7,731"
"Nanjing, Jiangsu",China,"8,476"
Ahmadabad,India,"8,452"
Hong Kong,"China, Hong Kong SAR","7,550"
Thành Pho Ho Chí Minh (Ho Chi Minh City),Viet Nam,"8,309"
Foshan,China,"7,399"
Kuala Lumpur,Malaysia,"7,844"
Baghdad,Iraq,"7,544"
Santiago,Chile,"6,707"
Hangzhou,China,"7,597"
Ar-Riyadh (Riyadh),Saudi Arabia,"7,133"
Shenyang,China,"6,932"
Madrid,Spain,"6,476"
"Xi'an, Shaanxi",China,"6,869"
Toronto,Canada,"6,407"
Miami,United States of America,"6,056"
Pune (Poona),India,"6,502"
Belo Horizonte,Brazil,"5,969"
Dallas-Fort Worth,United States of America,"6,130"
Surat,India,"6,827"
Houston,United States of America,"6,151"
Singapore,Singapore,"6,057"
Philadelphia,United States of America,"5,709"
Kitakyushu-Fukuoka M.M.A.,Japan,"5,447"
Luanda,Angola,"6,837"
"Suzhou, Jiangsu",China,"6,876"
Haerbin,China,"5,999"
Barcelona,Spain,"5,478"
Atlanta,United States of America,"5,607"
Al-Khartum (Khartoum),Sudan,"5,905"
Dar es Salaam,United Republic of Tanzania,"6,727"
Sankt Peterburg (Saint Petersburg),Russian Federation,"5,020"
"Washington, D.C.",United States of America,"5,230"
Abidjan,Côte d'Ivoire,"5,748"
Guadalajara,Mexico,"5,210"
Yangon,Myanmar,"5,358"
Al-Iskandariyah (Alexandria),Egypt,"5,225"
Ankara,Turkey,"5,208"
Kabul,Afghanistan,"5,722"
Qingdao,China,"5,139"
Chittagong,Bangladesh,"5,155"
Monterrey,Mexico,"4,875"
Sydney,Australia,"4,729"
Dalian,China,"5,073"
Xiamen,China,"5,800"
Zhengzhou,China,"5,086"
Boston,United States of America,"4,320"
Melbourne,Australia,"4,501"
Brasília,Brazil,"4,510"
Jiddah,Saudi Arabia,"4,475"
Phoenix-Mesa,United States of America,"4,386"
"Ji'nan, Shandong",China,"4,537"
Montréal,Canada,"4,158"
Shantou,China,"4,281"
Nairobi,Kenya,"4,792"
Medellín,Colombia,"4,210"
Fortaleza,Brazil,"4,169"
Kunming,China,"4,178"
Changchun,China,"4,130"
Changsha,China,"4,322"
Recife,Brazil,"3,893"
Roma (Rome),Italy,"3,796"
Zhongshan,China,"4,658"
Cape Town,South Africa,"3,860"
Detroit,United States of America,"3,606"
Hà Noi,Viet Nam,"4,389"
Tel Aviv-Yafo (Tel Aviv-Jaffa),Israel,"3,886"
Pôrto Alegre,Brazil,"3,719"
Kano,Nigeria,"4,172"
Salvador,Brazil,"3,780"
Faisalabad,Pakistan,"4,142"
Berlin,Germany,"3,626"
Halab (Aleppo),Syrian Arab Republic,"4,140"
Dakar,Senegal,"4,246"
Dar-el-Beida (Casablanca),Morocco,"3,736"
Ürümqi (Wulumqi),China,"4,135"
"Taiyuan, Shanxi",China,"3,824"
Curitiba,Brazil,"3,759"
Jaipur,India,"3,911"
Shizuoka-Hamamatsu M.M.A.,Japan,"3,846"
Hefei,China,"3,622"
San Francisco-Oakland,United States of America,"3,336"
"Fuzhou, Fujian",China,"3,739"
Shijiazhuang,China,"3,753"
Seattle,United States of America,"3,396"
Addis Ababa,Ethiopia,"3,778"
Nanning,China,"3,800"
Lucknow,India,"3,603"
Busan,Republic of Korea,"3,174"
Wenzhou,China,"3,722"
Ibadan,Nigeria,"3,696"
Ningbo,China,"3,674"
San Diego,United States of America,"3,228"
Milano (Milan),Italy,"3,124"
Yaoundé,Cameroon,"3,759"
Athínai (Athens),Greece,"3,062"
"Wuxi, Jiangsu",China,"3,354"
Campinas,Brazil,"3,254"
Izmir,Turkey,"3,275"
Kanpur,India,"3,204"
Mashhad,Iran (Islamic Republic of),"3,362"
Puebla,Mexico,"3,217"
Sana'a',Yemen,"3,643"
Santo Domingo,Dominican Republic,"3,321"
Douala,Cameroon,"3,503"
Kyiv (Kiev),Ukraine,"3,032"
Ciudad de Guatemala (Guatemala City),Guatemala,"3,364"
Caracas,Venezuela (Bolivarian Republic of),"2,994"
Durban,South Africa,"2,996"
Lisboa (Lisbon),Portugal,"2,995"
Guiyang,China,"3,225"
P'yongyang,Dem. People's Republic of Korea,"2,945"
Surabaya,Indonesia,"3,051"
Minneapolis-St. Paul,United States of America,"2,904"
Al Kuwayt (Kuwait City),Kuwait,"3,202"
"Tangshan, Hebei",China,"3,244"
Ouagadougou,Burkina Faso,"3,695"
Lanzhou,China,"3,017"
Guayaquil,Ecuador,"2,953"
Incheon,Republic of Korea,"2,798"
Nagpur,India,"2,912"
Taipei,China,"2,742"
Tampa-St. Petersburg,United States of America,"2,825"
Cali,Colombia,"2,830"
Manchester,United Kingdom,"2,758"
Antananarivo,Madagascar,"3,306"
Denver-Aurora,United States of America,"2,771"
Kumasi,Ghana,"3,180"
El Djazaïr  (Algiers),Algeria,"2,835"
"Changzhou, Jiangsu",China,"2,913"
Sapporo,Japan,"2,549"
Dimashq (Damascus),Syrian Arab Republic,"2,833"
Coimbatore,India,"2,994"
Bandung,Indonesia,"2,771"
Nanchang,China,"2,834"
Bamako,Mali,"3,270"
Birmingham (West Midlands),United Kingdom,"2,610"
Rawalpindi,Pakistan,"2,904"
Vancouver,Canada,"2,665"
Kozhikode (Calicut),India,"2,973"
San Juan,Puerto Rico,"2,457"
Indore,India,"2,760"
Abuja,Nigeria,"3,211"
Port-au-Prince,Haiti,"2,817"
Zibo,China,"2,621"
Kochi (Cochin),India,"2,759"
Dubayy (Dubai),United Arab Emirates,"2,862"
Baku,Azerbaijan,"2,629"
Asunción,Paraguay,"2,608"
Port Harcourt,Nigeria,"3,000"
Thrissur,India,"2,859"
Huizhou,China,"2,817"
Goiânia,Brazil,"2,477"
Accra,Ghana,"2,517"
Las Vegas,United States of America,"2,567"
Baltimore,United States of America,"2,326"
Tashkent,Uzbekistan,"2,362"
Daegu,Republic of Korea,"2,245"
Bayrut (Beirut),Lebanon,"2,252"
Malappuram,India,"2,799"
Patna,India,"2,421"
Medan,Indonesia,"2,385"
Brisbane,Australia,"2,389"
Napoli (Naples),Italy,"2,193"
Maracaibo,Venezuela (Bolivarian Republic of),"2,361"
Weifang,China,"2,542"
Riverside-San Bernardino,United States of America,"2,394"
St. Louis,United States of America,"2,223"
Belém,Brazil,"2,315"
Lusaka,Zambia,"2,761"
Hiroshima,Japan,"2,203"
Toluca de Lerdo,Mexico,"2,367"
Kannur,India,"2,729"
Muqdisho (Mogadishu),Somalia,"2,782"
La Habana (Havana),Cuba,"2,109"
Gujranwala,Pakistan,"2,487"
Yantai,China,"2,430"
Santa Cruz,Bolivia (Plurinational State of),"2,455"
Bhopal,India,"2,361"
Sendai,Japan,"2,022"
Shaoxing,China,"2,423"
Pretoria,South Africa,"2,352"
Bruxelles-Brussel,Belgium,"2,115"
San Antonio,United States of America,"2,238"
Manaus,Brazil,"2,218"
Lubumbashi,Democratic Republic of the Congo,"2,448"
Luoyang,China,"2,302"
Mbuji-Mayi,Democratic Republic of the Congo,"2,475"
Portland,United States of America,"2,119"
Huai'an,China,"2,482"
Tunis,Tunisia,"2,093"
Barranquilla,Colombia,"2,094"
Tijuana,Mexico,"2,195"
Nantong,China,"2,342"
Vadodara,India,"2,176"
Rabat,Morocco,"2,172"
Agra,India,"2,224"
Thiruvananthapuram,India,"2,279"
Baotou,China,"2,154"
Conakry,Guinea,"2,240"
Kampala,Uganda,"2,383"
Visakhapatnam,India,"2,178"
Bursa,Turkey,"2,151"
Multan,Pakistan,"2,189"
Sacramento,United States of America,"2,071"
Xuzhou,China,"2,110"
Minsk,Belarus,"1,953"
West Yorkshire,United Kingdom,"2,054"
Haikou,China,"2,287"
Brazzaville,Congo,"2,207"
Esfahan,Iran (Islamic Republic of),"2,054"
Bucuresti (Bucharest),Romania,"1,873"
Perth,Australia,"2,036"
Hamburg,Germany,"1,867"
Adana,Turkey,"2,049"
La Paz,Bolivia (Plurinational State of),"1,932"
Samut Prakan,Thailand,"2,558"
Karaj,Iran (Islamic Republic of),"2,054"
León de los Aldamas,Mexico,"1,983"
Hohhot,China,"2,071"
Nashik,India,"2,030"
Cleveland,United States of America,"1,784"
Hyderabad,Pakistan,"1,999"
Makkah (Mecca),Saudi Arabia,"1,912"
Yangzhou,China,"1,954"
Torino (Turin),Italy,"1,785"
Vijayawada,India,"2,063"
Wien (Vienna),Austria,"1,808"
Peshawar,Pakistan,"2,008"
Valencia,Venezuela (Bolivarian Republic of),"1,855"
Phnum Pénh (Phnom Penh),Cambodia,"1,979"
Orlando,United States of America,"1,900"
San Jose,United States of America,"1,787"
Quito,Ecuador,"1,875"
Warszawa (Warsaw),Poland,"1,751"
Pittsburgh,United States of America,"1,726"
Ludhiana,India,"1,860"
Budapest,Hungary,"1,728"
Montevideo,Uruguay,"1,755"
"Linyi, Shandong",China,"1,896"
Al-Mawsil (Mosul),Iraq,"1,976"
Cincinnati,United States of America,"1,743"
Austin,United States of America,"1,938"
Ciudad de Panamá (Panama City),Panama,"1,853"
Shiraz,Iran (Islamic Republic of),"1,915"
"Taizhou, Zhejiang",China,"1,873"
Indianapolis,United States of America,"1,768"
Hims (Homs),Syrian Arab Republic,"1,981"
Grande Vitória,Brazil,"1,732"
Handan,China,"1,950"
Semarang,Indonesia,"1,761"
Davao City,Philippines,"1,796"
Daqing,China,"1,814"
Liuzhou,China,"1,830"
Charlotte,United States of America,"1,912"
Lyon,France,"1,682"
Marseille-Aix-en-Provence,France,"1,669"
Kansas City,United States of America,"1,675"
Rajkot,India,"1,838"
Yinchuan,China,"2,049"
Madurai,India,"1,759"
Jiangmen,China,"1,684"
Tabriz,Iran (Islamic Republic of),"1,691"
Daejon,Republic of Korea,"1,627"
Anshan,China,"1,641"
Meerut,India,"1,710"
Zhuhai,China,"1,719"
Varanasi (Benares),India,"1,683"
Baixada Santista,Brazil,"1,609"
Gwangju,Republic of Korea,"1,599"
Xiangyang,China,"1,650"
Datong,China,"1,707"
Gaziantep,Turkey,"1,703"
Kaohsiung,China,"1,569"
Almaty,Kazakhstan,"1,585"
Jilin,China,"1,610"
Córdoba,Argentina,"1,563"
"Columbus, Ohio",United States of America,"1,612"
Harare,Zimbabwe,"1,598"
Novosibirsk,Russian Federation,"1,504"
Benin City,Nigeria,"1,781"
Makassar (Ujung Pandang),Indonesia,"1,676"
Stockholm,Sweden,"1,589"
Virginia Beach,United States of America,"1,487"
Palembang,Indonesia,"1,527"
Qiqihaer,China,"1,556"
Jamshedpur,India,"1,598"
Kharkiv,Ukraine,"1,426"
München (Munich),Germany,"1,502"
Putian,China,"1,771"
Grande São Luís,Brazil,"1,547"
"Yancheng, Jiangsu",China,"1,735"
Srinagar,India,"1,612"
"Wuhu, Anhui",China,"1,743"
Kollam,India,"1,747"
Milwaukee,United States of America,"1,444"
Quanzhou,China,"1,635"
Batam,Indonesia,"1,896"
Ciudad Juárez,Mexico,"1,457"
"Jining, Shandong",China,"1,489"
Rosario,Argentina,"1,454"
Yekaterinburg,Russian Federation,"1,391"
Ulaanbaatar,Mongolia,"1,579"
Raipur,India,"1,656"
Islamabad,Pakistan,"1,699"
Auckland,New Zealand,"1,426"
Aurangabad,India,"1,526"
Calgary,Canada,"1,464"
Jabalpur,India,"1,440"
Chaozhou,China,"1,427"
Torreón,Mexico,"1,441"
Huainan,China,"1,431"
Ottawa-Gatineau,Canada,"1,422"
Xining,China,"1,495"
Praha (Prague),Czech Republic,"1,364"
Asansol,India,"1,417"
Cixi,China,"1,546"
Hengyang,China,"1,488"
Porto,Portugal,"1,339"
"Fushun, Liaoning",China,"1,319"
Allahabad,India,"1,405"
Jodhpur,India,"1,456"
Al-Madinah (Medina),Saudi Arabia,"1,391"
Sharjah,United Arab Emirates,"1,542"
Edmonton,Canada,"1,389"
Huambo,Angola,"1,642"
København (Copenhagen),Denmark,"1,333"
Querétaro,Mexico,"1,417"
Maceió,Brazil,"1,360"
Amritsar,India,"1,377"
Monrovia,Liberia,"1,486"
Yichang,China,"1,478"
Ranchi,India,"1,423"
N'Djaména,Chad,"1,535"
Kigali,Rwanda,"1,484"
Adelaide,Australia,"1,321"
Dhanbad,India,"1,348"
Zürich (Zurich),Switzerland,"1,323"
Cochabamba,Bolivia (Plurinational State of),"1,401"
Hamah,Syrian Arab Republic,"1,581"
Tiruppur,India,"1,532"
Sofia,Bulgaria,"1,241"
Taichung,China,"1,318"
Glasgow,United Kingdom,"1,254"
Gwalior,India,"1,365"
"Taian, Shandong",China,"1,326"
Joinville,Brazil,"1,307"
Ahvaz,Iran (Islamic Republic of),"1,355"
Bucaramanga,Colombia,"1,315"
Nizhniy Novgorod,Russian Federation,"1,157"
Qom,Iran (Islamic Republic of),"1,348"
Providence,United States of America,"1,212"
Konya,Turkey,"1,337"
Maputo,Mozambique,"1,311"
"Taizhou, Jiangsu",China,"1,319"
Kathmandu,Nepal,"1,395"
Beograd (Belgrade),Serbia,"1,185"
Florianópolis,Brazil,"1,321"
Helsinki,Finland,"1,226"
Port Elizabeth,South Africa,"1,226"
Can Tho,Viet Nam,"1,486"
Fès,Morocco,"1,305"
"Jacksonville, Florida",United States of America,"1,256"
San José,Costa Rica,"1,259"
Dublin,Ireland,"1,260"
Kananga,Democratic Republic of the Congo,"1,434"
Mandalay,Myanmar,"1,323"
Natal,Brazil,"1,259"
Maracay,Venezuela (Bolivarian Republic of),"1,266"
Irbil (Erbil),Iraq,"1,348"
Samara,Russian Federation,"1,158"
Kota,India,"1,348"
Kazan,Russian Federation,"1,169"
Omsk,Russian Federation,"1,161"
Chelyabinsk,Russian Federation,"1,170"
Vereeniging,South Africa,"1,208"
Amman,Jordan,"1,162"
Zhanjiang,China,"1,266"
Tbilisi,Georgia,"1,137"
San Luis Potosí,Mexico,"1,246"
Abu Zaby (Abu Dhabi),United Arab Emirates,"1,323"
Anyang,China,"1,373"
Raleigh,United States of America,"1,347"
Chandigarh,India,"1,267"
Marrakech,Morocco,"1,306"
Durg-Bhilainagar,India,"1,223"
Tarabulus (Tripoli),Libya,"1,167"
Tegucigalpa,Honduras,"1,254"
Pekan Baru,Indonesia,"1,354"
Bareilly,India,"1,264"
Onitsha,Nigeria,"1,411"
Qinhuangdao,China,"1,253"
Quetta,Pakistan,"1,312"
Denpasar,Indonesia,"1,438"
Memphis,United States of America,"1,147"
Tiruchirappalli,India,"1,216"
Baoding,China,"1,187"
Nashville-Davidson,United States of America,"1,211"
Mombasa,Kenya,"1,326"
Lianyungang,China,"1,301"
Suweon,Republic of Korea,"1,132"
San Salvador,El Salvador,"1,129"
Hefa (Haifa),Israel,"1,154"
Rostov-na-Donu (Rostov-on-Don),Russian Federation,"1,096"
Salt Lake City,United States of America,"1,156"
João Pessoa,Brazil,"1,169"
Cartagena,Colombia,"1,193"
Amsterdam,Netherlands,"1,140"
Niamey,Niger,"1,324"
Zhuzhou,China,"1,177"
Mysore,India,"1,204"
Yiwu,China,"1,282"
Bogor,Indonesia,"1,221"
Hai Phòng,Viet Nam,"1,249"
Antalya,Turkey,"1,197"
Benxi,China,"1,153"
Ufa,Russian Federation,"1,070"
Mérida,Mexico,"1,156"
"Mianyang, Sichuan",China,"1,170"
Ad-Dammam,Saudi Arabia,"1,166"
Rizhao,China,"1,223"
"Zhenjiang, Jiangsu",China,"1,156"
Suqian,China,"1,323"
Nanchong,China,"1,210"
Kaduna,Nigeria,"1,181"
Yongin,Republic of Korea,"1,221"
Yerevan,Armenia,"1,024"
Guwahati (Gauhati),India,"1,140"
Guilin,China,"1,127"
Kisangani,Democratic Republic of the Congo,"1,252"
Changwon,Republic of Korea,"1,039"
Barquisimeto,Venezuela (Bolivarian Republic of),"1,081"
Aligarh,India,"1,186"
Köln (Cologne),Germany,"1,061"
Jinzhou,China,"1,132"
Mexicali,Mexico,"1,124"
Louisville,United States of America,"1,082"
Aguascalientes,Mexico,"1,123"
Nay Pyi Taw,Myanmar,"1,126"
Richmond,United States of America,"1,091"
Zaozhuang,China,"1,092"
Lille,France,"1,056"
Yingkou,China,"1,173"
Moradabad,India,"1,177"
Volgograd,Russian Federation,"1,018"
Khulna,Bangladesh,"1,039"
Hubli-Dharwad,India,"1,120"
Al-Basrah (Basra),Iraq,"1,144"
Chifeng,China,"1,138"
"Nanyang, Henan",China,"1,127"
Odesa,Ukraine,"1,015"
"Xiangtan, Hunan",China,"1,121"
Mendoza,Argentina,"1,064"
Krasnoyarsk,Russian Federation,"1,028"
Freetown,Sierra Leone,"1,130"
Puning,China,"1,137"
Sulaimaniya,Iraq,"1,191"
Salem,India,"1,109"
Baoji,China,"1,131"
Bhubaneswar,India,"1,137"
Vientiane,Lao People's Democratic Republic,"1,271"
"Pingdingshan, Henan",China,"1,126"
Antwerpen,Belgium,"1,016"
Rotterdam,Netherlands,"1,015"
Cuernavaca,Mexico,"1,061"
Xinxiang,China,"1,074"
Oslo,Norway,"1,066"
Solapur,India,"1,049"
Zhangjiakou,China,"1,055"
Perm,Russian Federation,961
Tanger,Morocco,"1,149"
Huaibei,China,"1,109"
Ruian,China,"1,124"
Jiaxing,China,"1,179"
Jinhua,China,"1,239"
Pointe-Noire,Congo,"1,127"
Seongnam,Republic of Korea,994
Nouakchott,Mauritania,"1,091"
Dongying,China,"1,089"
Nice-Cannes,France,"1,005"
Bandar Lampung,Indonesia,"1,073"
"Jingzhou, Hubei",China,"1,036"
Hartford,United States of America,998
Yueyang,China,"1,016"
Teresina,Brazil,"1,011"
Tengzhou,China,"1,130"
Dnipropetrovsk,Ukraine,910
Lomé,Togo,"1,124"
Managua,Nicaragua,"1,014"
Jalandhar,India,"1,057"
Da Nang,Viet Nam,"1,089"
Cebu City,Philippines,"1,033"
Aba,Nigeria,"1,118"
Goyang,Republic of Korea,982
Chihuahua,Mexico,"1,023"
Bridgeport-Stamford,United States of America,959
Toulouse,France,"1,000"
Matola,Mozambique,"1,148"
Zamboanga City,Philippines,"1,053"
Donetsk,Ukraine,902
Saltillo,Mexico,"1,031"
Diyarbakir,Turkey,988
Oklahoma City,United States of America,978
"Suzhou, Anhui",China,"1,104"
New Orleans,United States of America,945
Tampico,Mexico,981
Morelia,Mexico,994
Bahawalpur,Pakistan,"1,108"
Buffalo,United States of America,909
Tucson,United States of America,969
Johor Bahru,Malaysia,"1,022"
Voronezh,Russian Federation,922
San Miguel de Tucumán,Argentina,967
Jieyang,China,"1,084"
Valparaíso,Chile,941
Lilongwe,Malawi,"1,124"
Kayseri,Turkey,975
Ulsan,Republic of Korea,923
Padang,Indonesia,998
Acapulco de Juárez,Mexico,944
Kermanshah,Iran (Islamic Republic of),966
Fuyang,China,"1,008"
Bordeaux,France,944
"Jixi, Heilongjiang",China,950
Najaf,Iraq,"1,042"
Southampton/Portsmouth (South Hampshire),United Kingdom,919
Adan (Aden),Yemen,"1,037"
Veracruz,Mexico,946
Liuan,China,"1,102"
El Paso,United States of America,936
Wenling,China,"1,001"
Bucheon,Republic of Korea,897
Liverpool,United Kingdom,890
Yueqing,China,"1,015"
Bishkek,Kyrgyzstan,929
Samarinda,Indonesia,"1,013"
McAllen,United States of America,970
Ma'anshan,China,984
Wahran (Oran),Algeria,929
Ilorin,Nigeria,993
Malang,Indonesia,924
Huzhou,China,962
Mersin,Turkey,954
Warangal,India,966
Palermo,Italy,855
Reynosa,Mexico,964
San Pedro Sula,Honduras,"1,001"
Cúcuta,Colombia,912
Mudanjiang,China,920
Arequipa,Peru,914
Saharanpur,India,"1,013"
Honolulu,United States of America,887
Uyo,Nigeria,"1,114"
La Plata,Argentina,901
Weihai,China,992
Cancún,Mexico,993
Villahermosa,Mexico,926
Rajshahi,Bangladesh,943
Bengbu,China,901
Campo Grande,Brazil,897
Bergamo,Italy,877
Jerusalem,Israel,900
Masqat (Muscat),Oman,972
Mwanza,United Republic of Tanzania,"1,116"
Bien Hoa,Viet Nam,972
Bukavu,Democratic Republic of the Congo,"1,047"
Siliguri,India,980
Shiyan,China,940
Albuquerque,United States of America,894
Aracaju,Brazil,892
Dushanbe,Tajikistan,948
Dandong,China,878
Liuyang,China,"1,060"
Concepción,Chile,867
Tainan,China,859
Saratov,Russian Federation,781
Dehradun,India,927
Leshan,China,945
Pizhou,China,992
"Pingxiang, Jiangxi",China,907
Jos,Nigeria,937
Valencia,Spain,831
Liupanshui,China,"1,000"
Blantyre-Limbe,Malawi,957
Krasnodar,Russian Federation,850
Québec,Canada,851
Kaifeng,China,888
Hermosillo,Mexico,885
Asmara,Eritrea,989
Zunyi,China,894
Ganzhou,China,"1,003"
Londrina,Brazil,854
Trujillo,Peru,872
Birmingham,United States of America,836
Bangui,Central African Republic,876
Bhiwandi,India,867
Santa Fe,Argentina,879
Newcastle upon Tyne,United Kingdom,817
Fuxin,China,841
Liaoyang,China,852
Tasikmalaya,Indonesia,"1,004"
Xintai,China,903
Bologna,Italy,802
Lattakia,Syrian Arab Republic,924
Omaha,United States of America,826
Tuxtla Gutierrez,Mexico,865
Luzhou,China,826
Ansan,Republic of Korea,822
Soshanguve,South Africa,818
Laiwu,China,880
Luohe,China,975
Nnewi,Nigeria,"1,024"
Culiacán,Mexico,840
Bouake,Côte d'Ivoire,893
Guigang,China,864
Hargeysa,Somalia,879
Kraków (Cracow),Poland,769
Winnipeg,Canada,796
Astana,Kazakhstan,835
Abomey-Calavi,Benin,995
Guntur,India,854
Nottingham,United Kingdom,789
Zaporizhzhya,Ukraine,730
Huangshi,China,821
Bujumbura,Burundi,"1,009"
Shimkent,Kazakhstan,821
Ashgabat,Turkmenistan,804
Banghazi,Libya,808
Hamilton,Canada,775
Hufuf-Mubarraz,Saudi Arabia,791
Xingtai,China,818
Shaoguan,China,772
Chenzhou,China,899
Changzhi,China,827
Orumiyeh,Iran (Islamic Republic of),830
Ipoh,Malaysia,817
Thessaloniki,Greece,736
Al-Raqqa,Syrian Arab Republic,973
Lvov,Ukraine,739
Yibin,China,804
Dayton,United States of America,747
Rochester,United States of America,749
Jiaozuo,China,774
Haicheng,China,786
Puducherry,India,822
Xalapa,Mexico,788
Tolyatti,Russian Federation,730
Maiduguri,Nigeria,830
Sorocaba,Brazil,775
Zhangzhou,China,838
Changshu,China,880
Chişinău,Republic of Moldova,744
Tianmen,China,836
Gorakhpur,India,774
Bobo-Dioulasso,Burkina Faso,890
Ad-Dawhah (Doha),Qatar,764
Zhucheng,China,847
Meknès,Morocco,816
Owerri,Nigeria,884
Sargodha,Pakistan,811
Frankfurt am Main,Germany,743
Safaqis,Tunisia,793
Nyala,Sudan,897
Allentown-Bethlehem,United States of America,755
Changde,China,807
Fresno,United States of America,758
Sekondi Takoradi,Ghana,890
Tulsa,United States of America,756
Barcelona-Puerto La Cruz,Venezuela (Bolivarian Republic of),774
Shangqiu,China,803
Rasht,Iran (Islamic Republic of),800
Libreville,Gabon,777
Colombo,Sri Lanka,730
Ikorodu,Nigeria,922
Bikaner,India,780
Sheffield,United Kingdom,735
Eskisehir,Turkey,774
Huludao,China,768
Łódź,Poland,687
Zaria,Nigeria,778
Xinyang,China,781
Sevilla,Spain,708
Florence,Italy,709
Zaragoza,Spain,726
Yangquan,China,779
Linfen,China,826
Zigong,China,741
Firozabad,India,803
Ciudad Guayana,Venezuela (Bolivarian Republic of),734
Ta'izz,Yemen,816
Amravati,India,756
Panjin,China,734
Cheongju,Republic of Korea,721
Binzhou,China,805
Qingyuan,China,737
Genova (Genoa),Italy,687
Xinyu,China,816
Cuttack,India,743
Sarasota-Bradenton,United States of America,729
Tshikapa,Democratic Republic of the Congo,884
Cagayan de Oro City,Philippines,767
Karbala,Iraq,826
Zagreb,Croatia,697
Jiangyin,China,805
Chengde,China,827
Cotonou,Benin,726
Jiujiang,China,757
Zhuji,China,761
Banjarmasin,Indonesia,757
Krivoi Rog,Ukraine,687
Enugu,Nigeria,802
"Xianyang, Shaanxi",China,719
Bazhong,China,892
Liaocheng,China,752
Cape Coral,United States of America,797
Ar-Rayyan,Qatar,831
Jeonju,Republic of Korea,704
Misratah,Libya,816
Guiping,China,839
Sylhet,Bangladesh,837
Jammu,India,711
Xiaogan,China,761
Bur Sa'id,Egypt,734
Xinghua,China,765
Jiamusi,China,716
Oaxaca de Juárez,Mexico,724
Malegaon,India,772
Panzhihua,China,709
Baton Rouge,United States of America,718
Warri,Nigeria,850
Celaya,Mexico,717
Belgaum,India,726
Liège,Belgium,671
Mangalore,India,712
Padova,Italy,677
Balikpapan,Indonesia,763
Ribeirão  Preto,Brazil,696
Concord,United States of America,680
Kirkuk,Iraq,724
Nellore,India,749
s-Gravenhage (The Hague),Netherlands,676
Nampula,Mozambique,792
Oshogbo,Nigeria,749
Mar Del Plata,Argentina,687
Yongzhou,China,757
Bristol,United Kingdom,685
Bhavnagar,India,706
Bulawayo,Zimbabwe,675
Knoxville,United States of America,716
"Springfield, Massachusett, Connecticut",United States of America,670
Tianshui,China,744
"Yichun, Heilongjiang",China,628
"Yichun, Jiangxi",China,833
Makhachkala,Russian Federation,693
Anqing,China,713
Uberlândia,Brazil,686
Taixing,China,725
Baishan,China,772
Shaoyang,China,703
Leiyang,China,799
Ezhou,China,672
Jimo,China,706
Taif,Saudi Arabia,658
Chongjin,Dem. People's Republic of Korea,655
"Columbia, South Carolina",United States of America,694
Busto Arsizio,Italy,649
Deyang,China,728
Venezia,Italy,637
Wrocław,Poland,631
Zhaoqing,China,696
Ogden-Layton,United States of America,689
Charleston-North Charleston,United States of America,687
Tyumen,Russian Federation,656
Stuttgart,Germany,642
Gaza (incl. Ash Shati Camp),State of Palestine,719
Durgapur,India,681
Izhevsk,Russian Federation,610
Langfang,China,714
Riga,Latvia,580
Jundiaí,Brazil,667
Temecula-Murrieta,United States of America,772
Jamnagar,India,656
Bari,Italy,624
Hegang,China,646
"Suining, Sichuan",China,686
General Santos City,Philippines,687
Barnaul,Russian Federation,616
Colorado Springs,United States of America,657
Nantes,France,643
Provo-Orem,United States of America,719
Albany,United States of America,632
Neijiang,China,650
Ibagué,Colombia,671
Tongliao,China,686
Nanded Waghala,India,685
Mission Viejo,United States of America,635
Gebze,Turkey,684
Maoming,China,710
Verona,Italy,624
Belfast,United Kingdom,623
Bakersfield,United States of America,668
Jambi,Indonesia,688
Wuzhou,China,679
Pontianak,Indonesia,669
Liling,China,762
Duesseldorf,Germany,617
Kumamoto,Japan,617
Ulyanovsk,Russian Federation,578
Danyang,China,697
Pereira,Colombia,621
Dezhou,China,669
Pachuca de Soto,Mexico,672
Yuyao,China,665
Chiclayo,Peru,645
Larkana,Pakistan,720
Linhai,China,689
Tartus,Syrian Arab Republic,784
Anyang,Republic of Korea,599
Be'er Sheva,Israel,637
Gulbarga,India,660
Bokaro Steel City,India,640
Cherthala,India,749
Kolhapur,India,637
Zhoushan,China,645
Agadir,Morocco,592
Jhansi,India,646
Huaihua,China,709
Vladivostok,Russian Federation,587
Erode,India,670
Kitwe,Zambia,713
Erduosi (Ordoss),China,680
Gold Coast,Australia,663
Yanji,China,673
Bozhou,China,702
Seregno,Italy,612
Kingston,Jamaica,605
Muzaffarnagar,India,692
Niigata,Japan,589
Jincheng,China,696
Cuiabá,Brazil,619
Göteborg,Sweden,621
Durango,Mexico,647
Grand Rapids,United States of America,602
Raurkela,India,632
Macao,"China, Macao SAR",626
As-Suways,Egypt,637
Irkutsk,Russian Federation,569
Catania,Italy,587
Kunshan ,China,697
Tabuk,Saudi Arabia,621
Umuahia,Nigeria,760
Ajmer,India,623
Sialkot,Pakistan,642
Salta,Argentina,617
New Haven,United States of America,595
Santiago,Dominican Republic,623
"Yulin, Guangxi",China,615
Nasiriyah,Iraq,672
Yaroslavl,Russian Federation,555
Dortmund,Germany,577
Toulon,France,602
Hamhung,Dem. People's Republic of Korea,573
Heze,China,603
Dongtai,China,660
Hanchuan,China,680
Malaga,Spain,589
Gaomi,China,680
Sukkur,Pakistan,662
Khabarovsk,Russian Federation,560
São José dos Campos,Brazil,593
Zhangqiu,China,661
Zanzibar,United Republic of Tanzania,721
Xiantao,China,596
Al-Hudaydah,Yemen,653
Kuerle,China,715
Dazhou,China,656
Akron,United States of America,573
Kurnool,India,668
Essen,Germany,564
Samsun,Turkey,629
Qujing,China,662
Bogra,Bangladesh,741
Hamadan,Iran (Islamic Republic of),617
Zhumadian,China,675
Kuching,Malaysia,617
Buraydah,Saudi Arabia,620
Quzhou,China,700
Wuhai,China,620
Bacolod,Philippines,606
Maturin,Venezuela (Bolivarian Republic of),642
Denizli,Turkey,612
Genève,Switzerland,597
Al-Hasakah,Syrian Arab Republic,743
Qinzhou,China,628
"Fuzhou, Jiangxi",China,633
Zahedan,Iran (Islamic Republic of),570
Akure,Nigeria,678
Ujjain,India,610
Sanliurfa,Turkey,608
Feira De Santana,Brazil,591
Sokoto,Nigeria,660
Villavicencio,Colombia,636
Tlaxcala,Mexico,600
Leipzig,Germany,573
Agartala,India,726
Tirupati,India,652
Dresden,Germany,573
Kerman,Iran (Islamic Republic of),581
Bremen,Germany,554
Siping,China,592
Orenburg,Russian Federation,537
Tomsk,Russian Federation,559
Poznań,Poland,541
Sangali,India,590
Novokuznetsk,Russian Federation,534
Zhoukou,China,626
Yangjiang,China,591
Juiz De Fora,Brazil,571
Sanya,China,628
Poza Rica de Hidalgo,Mexico,566
Qitaihe,China,578
Ardabil,Iran (Islamic Republic of),608
Leicester,United Kingdom,568
Yuncheng,China,639
Kemerovo,Russian Federation,531
Kayamkulam,India,652
Hannover,Germany,543
Tirunelveli,India,576
Yazd,Iran (Islamic Republic of),591
Mathura,India,615
Taicang,China,623
Haimen,China,605
Djibouti,Djibouti,564
Vellore,India,587
Sheikhupura,Pakistan,623
Matamoros,Mexico,567
Astrakhan,Russian Federation,530
Cangzhou,China,562
Udon Thani,Thailand,641
Ryazan,Russian Federation,524
Dengzhou,China,633
Puyang,China,607
Namangan,Uzbekistan,580
Fuqing,China,576
Shishi,China,576
Tonghua,China,570
Renqiu,China,611
Loudi,China,616
Miluo,China,748
Zhangjiagang,China,621
Hsinchu,China,566
Hebi,China,565
Chon Buri,Thailand,655
Bilaspur,India,594
Bago,Myanmar,615
Imphal,India,635
Santa Marta,Colombia,573
Worcester,United States of America,544
Nurenberg,Germany,527
Udaipur,India,571
Tula,Russian Federation,527
Vilnius,Lithuania,508
Xuchang,China,570
Penza,Russian Federation,506
Thoothukkudi (Tuticorin),India,631
Arak,Iran (Islamic Republic of),559
Bijie,China,607
Naberezhnye Tchelny,Russian Federation,512
Longhai,China,602
Jinzhong,China,582
Merca,Somalia,592
Rajahmundry,India,557
Tétouan,Morocco,614
Patiala,India,586
Fuyang,China,604
Al-Mansurah,Egypt,555
Lipetsk,Russian Federation,507
Toledo,United States of America,516
Feicheng,China,549
Basel,Switzerland,530
Gaya,India,557
Hillah,Iraq,595
Daye,China,566
Shouguang,China,544
Jalgaon,India,563
Chaoyang,China,542
Dongyang,China,558
Zengcheng,China,576
Surakarta,Indonesia,533
Douai-Lens,France,513
Banjul,Gambia,591
Grenoble,France,520
Bloemfontein,South Africa,540
Skopje,TFYR Macedonia,510
Okayama,Japan,519
Tongchuan,China,543
Wichita,United States of America,524
Ndola,Zambia,578
Kitchener,Canada,526
Tongxiang,China,595
San Juan,Argentina,524
Vale do Aço,Brazil,520
Des Moines,United States of America,535
Brighton-Worthing-Littlehampton,United Kingdom,515
Bauchi,Nigeria,608
Karaganda,Kazakhstan,509
Zaoyang,China,552
Oujda,Morocco,552
Pietermaritzburg,South Africa,513
Edinburgh,United Kingdom,514
Abeokuta,Nigeria,563
Likasi,Democratic Republic of the Congo,574
Comilla,Bangladesh,591
Harrisburg,United States of America,532
Anqiu,China,626
Bissau,Guinea-Bissau,596
Nikolaev,Ukraine,483
Shuangyashan,China,511
Kagoshima,Japan,491
Tongling,China,544
London,Canada,509
Jubayl,Saudi Arabia,609
Al-Mahallah al-Kubra,Egypt,522
Cheonan,Republic of Korea,542
Mawlamyine,Myanmar,553
Ankang,China,595
Songyuan,China,516
Panipat,India,541
Palm Bay-Melbourne,United States of America,514
Longyan,China,519
Tamale,Ghana,606
Khamis Mushayt,Saudi Arabia,518
Bunia,Democratic Republic of the Congo,643
Heyuan,China,522
Gomel,Belarus,484
Bournemouth/Poole,United Kingdom,506
Bandar Abbas,Iran (Islamic Republic of),545
Hezhou,China,586
Kirov,Russian Federation,486
Kolwezi,Democratic Republic of the Congo,519
Utrecht,Netherlands,517
Tepic,Mexico,525
Kakinada,India,526
Hengshui,China,568
Monywa,Myanmar,583
Kota Kinabalu,Malaysia,545
Duisburg,Germany,470
Santiago de Cuba,Cuba,489
Goma,Democratic Republic of the Congo,609
Beihai,China,494
Sakarya,Turkey,527
Cagliari,Italy,478
Lokoja,Nigeria,659
Little Rock,United States of America,506
Jingjiang,China,557
"Yiyang, Hunan",China,540
Puerto Vallarta,Mexico,553
Pingdu,China,518
Jiaozhou,China,539
Qianjiang,China,510
Xinyi,China,540
Tanta,Egypt,505
Davangere,India,515
Cardiff,United Kingdom,494
Cuautla Morelos,Mexico,502
Caxias Do Sul,Brazil,509
Calabar,Nigeria,583
Poughkeepsie-Newburgh,United States of America,499
Rouen,France,476
Pôrto Velho,Brazil,527
Murcia,Spain,491
Brescia,Italy,479
Shuozhou,China,544
Greenville,United States of America,512
Zhongxiang,China,493
Como,Italy,477
Strasbourg,France,479
Gdańsk,Poland,465
Avignon,France,483
Cheboksary,Russian Federation,463
Taranto,Italy,462
Iloilo City,Philippines,492
La Serena-Coquimbo,Chile,512
Mataram,Indonesia,520
Bellary,India,514
Kahramanmaras,Turkey,495
Haining,China,514
Sihui,China,553
Tiranë (Tirana),Albania,505
Choloma,Honduras,626
Shizuishan,China,505
Taishan,China,511
Ibb,Yemen,592
Orizaba,Mexico,478
Antofagasta,Chile,511
Mariupol,Ukraine,435
Xinmi,China,542
Guangyuan,China,519
Macapá,Brazil,508
Chuzhou,China,508
Zarqa,Jordan,458
Lancaster,United States of America,487
Manizales,Colombia,473
Kénitra,Morocco,501
Winston-Salem,United States of America,494
Beira,Mozambique,486
Al-Ain,United Arab Emirates,472
Campos dos Goytacazes,Brazil,474
Lapu-Lapu City,Philippines,535
Volta Redonda,Brazil,463
Reno,United States of America,491
Longkou,China,506
Port St. Lucie,United States of America,500
Port Sudan (Bur Sudan),Sudan,499
Mbeya,United Republic of Tanzania,573
Shangyu,China,499
Madison,United States of America,479
Piura,Peru,488
Qingzhou,China,505
Arusha,United Republic of Tanzania,523
Amara,Iraq,507
Uvira,Democratic Republic of the Congo,567
Rahim Yar Khan,Pakistan,522
Jinjiang,China,490
Yongkang,China,508
Chaohu,China,481
Zhaodong,China,522
Kuantan,Malaysia,500
Ogbomosho,Nigeria,553
Akola,India,465
Bhagalpur,India,479
Abakaliki,Nigeria,566
Jhang,Pakistan,493
Muzaffarpur,India,493
Jingmen,China,483
Sanhe,China,537
Matsuyama,Japan,444
Uijeongbu,Republic of Korea,458
Gent,Belgium,447
Iquitos,Peru,477
Wafangdian ,China,462
Dali,China,501
Asyut,Egypt,464
Cenxi,China,529
Ulan-Ude,Russian Federation,451
Malatya,Turkey,448
"Kaliningrad, Kaliningrad Oblast",Russian Federation,430
Ziyang,China,487
Yanan,China,525
Siheung,Republic of Korea,453
Gongyi,China,494
Mymensingh,Bangladesh,479
Palma,Spain,458
Kandahar,Afghanistan,498
Enshi,China,540
Irapuato,Mexico,471
Kikwit,Democratic Republic of the Congo,508
Qacentina,Algeria,440
Manado,Indonesia,459
Petrolina,Brazil,466
Nuevo Laredo,Mexico,465
Ambon,Indonesia,523
Stavropol,Russian Federation,444
Baaqoobah,Iraq,502
Latur,India,476
Bamenda,Cameroon,509
Basilan City (including City of Isabela),Philippines,458
Victorville-Hesperia-Apple Valley,United States of America,502
Canberra,Australia,465
Sanandaj,Iran (Islamic Republic of),486
Seremban,Malaysia,474
Ciudad del Este,Paraguay,499
Yamunanagar,India,469
Kottayam,India,493
Al Obeid (Al Ubayyid),Sudan,488
Caserta,Italy,428
Lugansk,Ukraine,403
Zhangye,China,445
Gaozhou,China,506
Jianyang,China,474
Latina,Italy,441
Spokane,United States of America,443
Gombe,Nigeria,515
Zanjan,Iran (Islamic Republic of),460
Syracuse,United States of America,425
Aktyubinsk,Kazakhstan,453
Suizhou,China,446
Mazatlán,Mexico,449
Laixi,China,484
Augusta-Richmond County,United States of America,440
Kursk,Russian Federation,414
Valledupar,Colombia,464
Eslamshahr,Iran (Islamic Republic of),452
Resistencia,Argentina,434
Salerno,Italy,420
Deir El-Zor(Deir ez-Zor),Syrian Arab Republic,513
Montpellier,France,439
Gaoyou,China,485
Rohtak,India,462
Buenaventura,Colombia,464
Lancaster-Palmdale,United States of America,469
Cusco,Peru,453
Al-Manamah (Manama),Bahrain,478
Kissimmee,United States of America,491
Fengcheng,China,446
Daytona Beach-Port Orange,United States of America,458
Meishan,China,473
Van,Turkey,449
Blida,Algeria,473
Nonthaburi,Thailand,446
Anshun,China,481
Changning,China,485
Barisal,Bangladesh,486
Liyang,China,451
Szczecin,Poland,410
São José do Rio Preto,Brazil,430
Okene,Nigeria,481
Mardan,Pakistan,466
Gujrat,Pakistan,463
Denton-Lewisville,United States of America,437
Bryansk,Russian Federation,389
Diwaniyah,Iraq,466
Halifax,Canada,424
Chuxiong,China,477
Indio-Cathedral City-Palm Springs,United States of America,451
Stockton,United States of America,431
Qazvin,Iran (Islamic Republic of),435
Igbidu,Nigeria,471
Andizhan,Uzbekistan,436
Ado-Ekiti,Nigeria,489
Chattanooga,United States of America,420
Bratislava,Slovakia,388
Bhilwara,India,450
The Woodlands,United States of America,556
Magnitogorsk,Russian Federation,386
Sagar,India,439
Armenia,Colombia,428
Kelamayi,China,448
Shillong,India,453
Tver,Russian Federation,389
Santiago Del Estero,Argentina,422
Boise City,United States of America,435
Shanwei,China,429
Roorkee,India,544
Tieling,China,417
Dafeng,China,447
Santipur,India,520
Anantapur,India,457
Katsina,Nigeria,480
Ar-Rusayfah,Jordan,457
Ahmadnagar,India,421
Bayannaoer,China,436
Dengfeng,China,497
Ivanovo,Russian Federation,373
St. Catharines-Niagara,Canada,401
Charleroi,Belgium,397
Dhule,India,419
Utsunomiya,Japan,397
Tallinn,Estonia,388
Maringá,Brazil,426
Brno,Czech Republic,400
Las Palmas Gran Canaria,Spain,402
Yongcheng,China,454
Suihua,China,421
Fayetteville-Springdale,United States of America,468
Guang'an,China,460
El Djelfa,Algeria,484
Brahmapur,India,430
Korba,India,422
Kanazawa,Japan,395
Kadapa,India,439
Yanshi,China,474
Campina Grande,Brazil,406
"Jackson, Mississippi",United States of America,414
Laizhou,China,401
Ciudad Bolivar,Venezuela (Bolivarian Republic of),419
Yixing,China,426
Minna,Nigeria,461
Yogyakarta,Indonesia,402
Modesto,United States of America,407
Xinzheng,China,433
Yingde,China,425
Kaiping,China,405
Fuan,China,443
Corrientes,Argentina,407
Yuxi,China,462
Berbera,Somalia,444
Rongcheng,China,409
Wellington,New Zealand,401
Oxnard,United States of America,398
Rustenburg,South Africa,459
Durham,United States of America,411
Rampur,India,425
Lampang,Thailand,474
Erzurum,Turkey,391
Baiyin,China,407
Teeside (Middlesbrough),United Kingdom,393
Gboko,Nigeria,455
Xuancheng,China,446
Alwar,India,427
Guarenas-Guatire,Venezuela (Bolivarian Republic of),410
English Bazar,India,443
Scranton,United States of America,382
Al-Kamishli,Syrian Arab Republic,461
Oshawa,Canada,404
Purnia,India,454
Jingdezhen,China,399
Stoke-on-Trent (The Potteries),United Kingdom,389
Kasur,Pakistan,428
Gorgan,Iran (Islamic Republic of),439
Ondo,Nigeria,447
Piracicaba,Brazil,396
Barddhaman,India,416
Liaoyuan,China,385
Mbandaka,Democratic Republic of the Congo,444
Chimbote,Peru,404
"Ji'an, Jiangxi",China,424
Jiyuan,China,411
Mandaue City,Philippines,415
Keelung,China,382
Montes Claros,Brazil,401
Meizhou,China,399
Minatitlán,Mexico,393
Zhuanghe,China,443
Newcastle and Lake Macquarie,Australia,399
Al-Fayyum,Egypt,408
Sucre,Bolivia (Plurinational State of),436
Youngstown,United States of America,367
Changyi,China,457
Witbank,South Africa,434
Vinnitsa,Ukraine,377
Laiyang,China,392
Oyo,Nigeria,441
Monteria,Colombia,406
Lubango,Angola,484
San Cristóbal,Venezuela (Bolivarian Republic of),393
Shengzhou,China,400
Rangpur,Bangladesh,420
Zinder,Niger,489
"Yulin, Shaanxi",China,398
Coventry-Bedworth,United Kingdom,385
Ramadi,Iraq,440
Bonita Springs-Naples,United States of America,416
Hanzhong,China,393
Coatzacoalcos,Mexico,391
Windhoek,Namibia,435
Nakhon Ratchasima,Thailand,423
El Tigre-San José de Guanipa,Venezuela (Bolivarian Republic of),431
Changge,China,455
Chitungwiza,Zimbabwe,400
Bochum,Germany,364
Saint-Étienne,France,374
Colima,Mexico,399
Belgorod,Russian Federation,373
Kismaayo,Somalia,421
Neuquén-Plottier-Cipolletti,Argentina,391
Batman,Turkey,403
Gaoan,China,435
Pescara,Italy,375
Kut,Iraq,424
Xinyi,China,398
Samarkand,Uzbekistan,379
Huancayo,Peru,392
Elazig,Turkey,394
Bijapur,India,409
Pasto,Colombia,384
Chizhou,China,438
Al-Mukalla,Yemen,467
Gumi,Republic of Korea,386
Angeles City,Philippines,399
Vladimir,Russian Federation,374
Xingning,China,452
Wuwei,China,396
Shangrao,China,425
Linqing,China,386
Temuco,Chile,395
Begusarai,India,493
Loum,Cameroon,461
Cuenca,Ecuador,398
Linzhou,China,401
Jurong,China,421
Hardwar,India,416
Khorramabad,Iran (Islamic Republic of),382
Xiangcheng,China,447
Bydgoszcz,Poland,359
Bern,Switzerland,372
Baguio City,Philippines,396
Iquique,Chile,411
Rio Branco,Brazil,401
Ranipet,India,469
Juazeiro Do Norte,Brazil,381
Cabimas,Venezuela (Bolivarian Republic of),398
Victoria,Canada,373
Shahjahanpur,India,377
Béthune,France,367
Weinan,China,372
Pavlodar,Kazakhstan,373
Neiva,Colombia,379
Laibin,China,396
Junagadh,India,397
Hue,Viet Nam,394
Gongzhuling,China,375
Ha'il,Saudi Arabia,378
Vitebsk,Belarus,356
Lausanne,Switzerland,374
Tours,France,366
Treviso,Italy,369
Hosur,India,505
Lin'an,China,435
Sivas,Turkey,383
Pinghu,China,419
Bauru,Brazil,366
Annaba,Algeria,374
"Lishui, Zhejiang",China,410
Vungtau,Viet Nam,404
Cotabato,Philippines,424
Christchurch,New Zealand,357
Hami,China,394
Mogilev,Belarus,340
Bilbao,Spain,353
Sochi,Russian Federation,356
Flint,United States of America,352
"Xingyi, Guizhou",China,372
Najran,Saudi Arabia,383
Bafoussam,Cameroon,410
Dera Ghazikhan,Pakistan,410
Lagunillas,Venezuela (Bolivarian Republic of),412
Sandakan,Malaysia,381
Arkhangelsk,Russian Federation,348
Kuala Terengganu,Malaysia,387
Zacatecas,Mexico,385
Sanming,China,373
Pensacola,United States of America,358
Sunshine Coast,Australia,387
Pulandian,China,379
San Pedro,Côte d'Ivoire,449
Malard,Iran (Islamic Republic of),419
Anápolis,Brazil,364
Dujiangyan,China,379
Pohang,Republic of Korea,362
Alicante,Spain,365
Dindigul,India,408
Nzérékoré,Guinea,444
Lublin,Poland,346
Shimoga,India,377
Port Moresby,Papua New Guinea,389
Karimnagar,India,397
Nizhny Tagil,Russian Federation,323
Xianning,China,357
Ichalakaranji,India,372
Gaocheng,China,403
Wuppertal,Germany,342
Reggio Emilia,Italy,361
Changji,China,385
Iligan,Philippines,366
Okpogho,Nigeria,438
Makurdi,Nigeria,416
Wonsan,Dem. People's Republic of Korea,359
Modena,Italy,353
Varna,Bulgaria,352
Morogoro,United Republic of Tanzania,422
Akesu,China,396
Grodno,Belarus,348
Batangas City,Philippines,373
Wuchuan ,China,354
Fangchenggang,China,400
Barletta,Italy,342
Dashiqiao,China,367
Gwangmyeong,Republic of Korea,351
Plovdiv,Bulgaria,334
Semipalatinsk,Kazakhstan,355
Habra,India,378
Herat,Afghanistan,392
Córdoba,Mexico,360
Ciudad Victoria,Mexico,368
Bonn,Germany,349
Wad Medani,Sudan,384
Matadi,Democratic Republic of the Congo,393
Greensboro,United States of America,358
Az-Zaqazig,Egypt,361
Cumana,Venezuela (Bolivarian Republic of),364
Huangshan,China,385
Monclova,Mexico,356
Kassala,Sudan,376
Valenciennes,France,344
Nakuru,Kenya,396
Cordoba,Spain,344
Nankang,China,397
Eindhoven,Netherlands,348
Sunderland,United Kingdom,341
Sevastopol,Ukraine,331
Oita,Japan,340
Tumkur,India,370
Corpus Christi,United States of America,347
Huntsville,United States of America,371
Simferopol,Ukraine,329
Barinas,Venezuela (Bolivarian Republic of),375
Butuan,Philippines,358
Jeju,Republic of Korea,346
Tongcheng,China,397
Rayong,Thailand,429
Mbouda,Cameroon,441
Ciudad Obregón,Mexico,363
Qufu,China,364
Makeyevka,Ukraine,312
Chandrapur,India,352
Ife,Nigeria,389
Nawabshah,Pakistan,385
Boa Vista,Brazil,377
Qods,Iran (Islamic Republic of),391
San Salvador de Jujuy,Argentina,349
Heshan,China,379
Thanjavur,India,377
Parbhani,India,362
Al-Ismailiyah,Egypt,356
Sumquayit,Azerbaijan,347
Mobile,United States of America,337
Bihar Sharif,India,370
Pokhara,Nepal,405
Round Lake Beach-McHenry-Grayslake,United States of America,361
Rennes,France,351
Tehuacán,Mexico,360
Lvliang,China,410
Fayetteville,United States of America,345
Effon Alaiye,Nigeria,394
Franca,Brazil,344
Birkenhead,United Kingdom,337
Hisar,India,357
Cluj-Napoca,Romania,335
Chita,Russian Federation,329
Fort Wayne,United States of America,340
Toamasina,Madagascar,422
Hejian,China,413
Smolensk,Russian Federation,326
Sukabumi,Indonesia,363
Sinuiju,Dem. People's Republic of Korea,336
Donggang,China,363
Yining,China,354
Palakkad,India,365
Kurgan,Russian Federation,313
Manisa,Turkey,355
Sari,Iran (Islamic Republic of),365
Reading-Wokingham,United Kingdom,338
Bahia Blanca,Argentina,344
Macheng,China,351
Preston,United Kingdom,340
Merida,Venezuela (Bolivarian Republic of),347
Ponta Grossa,Brazil,343
Xingyang,China,380
Darbhanga,India,352
Bengkulu,Indonesia,352
Gäncä,Azerbaijan,334
Tampere,Finland,338
Wah,Pakistan,370
Lipa City,Philippines,361
Ajman,United Arab Emirates,369
Aizawl,India,362
Faloojah,Iraq,384
Anand,India,365
Kota Bharu,Malaysia,352
Xinzhou,China,364
Bielefeld,Germany,322
Punto Fijo,Venezuela (Bolivarian Republic of),362
Juba,South Sudan,397
Naha,Japan,326
Bathinda,India,364
Eldoret,Kenya,397
Nizamabad,India,341
Brest,Belarus,328
Santa Clarita,United States of America,371
Shihezi,China,335
Luoding,China,358
Santa Rosa,United States of America,332
Timisoara,Romania,326
Lansing,United States of America,328
Kingston upon Hull,United Kingdom,331
East London,South Africa,342
Blumenau,Brazil,341
Mannheim,Germany,326
Dewas,India,356
Surgut,Russian Federation,327
Sarajevo,Bosnia and Herzegovina,314
Okara,Pakistan,362
Nola,Italy,325
Hat Yai,Thailand,360
Al Gadarif,Sudan,364
Kaluga,Russian Federation,306
Ann Arbor,United States of America,329
Posadas,Argentina,332
Asheville,United States of America,346
Botou,China,375
Santo Domingo,Ecuador,366
Nagasaki,Japan,309
Kafr-ad-Dawwar,Egypt,344
Windsor,Canada,318
Caruaru,Brazil,347
Volzhsky,Russian Federation,316
Camaguey,Cuba,319
Maunath Bhanjan,India,358
Leping,China,346
Mekele,Ethiopia,399
Yushu,China,350
Antioch,United States of America,344
Parma,Italy,326
Newport,United Kingdom,326
Uberaba,Brazil,336
Farrukhabad,India,345
Vicenza,Italy,324
Aswan,Egypt,344
Trenton,United States of America,328
Asahikawa,Japan,309
Nha Trang,Viet Nam,332
Baharampur,India,330
Lexington-Fayette,United States of America,331
Ust-Kamenogorsk,Kazakhstan,313
Safi,Morocco,335
Cherepovets,Russian Federation,310
Yakutsk,Russian Federation,343
Zhaoyuan,China,343
Sanmenxia,China,340
Rockford,United States of America,324
Shreveport,United States of America,322
Tashauz,Turkmenistan,351
Cirebon,Indonesia,336
Hafar al-Batin,Saudi Arabia,333
"Springfield, Missouri",United States of America,339
Baicheng,China,333
Jalna,India,341
Satna,India,343
Swansea,United Kingdom,323
Yuanjiang,China,340
Acarigua-Aruare,Venezuela (Bolivarian Republic of),339
Valladolid,Spain,309
Taraz,Kazakhstan,300
Vladikavkaz,Russian Federation,301
Kaili,China,344
Pelotas,Brazil,314
Orel,Russian Federation,293
Izmit,Turkey,315
Navsari,India,339
Batna,Algeria,338
Holguin,Cuba,317
Vologda,Russian Federation,309
Gimhae,Republic of Korea,318
Irbid,Jordan,319
Karlsruhe,Germany,315
Muenster (Westfalen),Germany,320
Southend-On-Sea,United Kingdom,318
Aguadilla-Isabela-San Sebastian,Puerto Rico,302
Katowice,Poland,300
